{"stats":{"minecraft:mined":{"minecraft:short_grass":7,"minecraft:dark_oak_leaves":1},"minecraft:killed":{"minecraft:zombie":1},"minecraft:custom":{"minecraft:jump":28,"minecraft:time_since_rest":2978,"minecraft:damage_dealt":38,"minecraft:leave_game":1,"minecraft:sprint_one_cm":5735,"minecraft:play_time":2978,"minecraft:damage_taken":110,"minecraft:time_since_death":2978,"minecraft:walk_one_cm":1507,"minecraft:total_world_time":2978,"minecraft:mob_kills":1,"minecraft:fall_one_cm":209,"minecraft:fly_one_cm":6037}},"DataVersion":3953}