{"stats":{"minecraft:killed_by":{"minecraft:player":3,"minecraft:zombie":1},"minecraft:dropped":{"minecraft:birch_planks":14,"minecraft:wheat_seeds":38,"minecraft:wooden_axe":1,"minecraft:rotten_flesh":6,"minecraft:writable_book":2,"minecraft:wooden_pickaxe":1,"minecraft:bread":20},"minecraft:mined":{"minecraft:hay_block":26,"minecraft:birch_stairs":1,"minecraft:stripped_birch_log":2,"minecraft:jack_o_lantern":1,"minecraft:ladder":2,"minecraft:bell":1,"minecraft:flower_pot":1,"minecraft:birch_wood":5,"minecraft:acacia_planks":1},"minecraft:picked_up":{"minecraft:wooden_axe":5,"minecraft:stripped_oak_log":1,"minecraft:birch_log":1,"minecraft:stick":11,"minecraft:allium":1,"minecraft:wheat":3,"minecraft:ladder":1,"minecraft:flower_pot":1,"minecraft:andesite":1,"minecraft:torch":4,"minecraft:wooden_pickaxe":3,"minecraft:oak_stairs":1,"minecraft:birch_planks":14,"minecraft:birch_stairs":1,"minecraft:stone_brick_stairs":1,"minecraft:dirt":4,"minecraft:stripped_birch_log":1,"minecraft:bone":2,"minecraft:arrow":1,"minecraft:acacia_planks":1,"minecraft:rotten_flesh":7,"minecraft:tropical_fish":1,"minecraft:wheat_seeds":165,"minecraft:writable_book":1,"minecraft:birch_wood":5,"minecraft:bell":1,"minecraft:hay_block":26,"minecraft:bread":148,"minecraft:jack_o_lantern":1,"minecraft:egg":1,"minecraft:white_wool":1,"minecraft:sunflower":1},"minecraft:crafted":{"minecraft:chest":1,"minecraft:birch_planks":8},"minecraft:used":{"minecraft:jack_o_lantern":1,"minecraft:wooden_axe":19,"minecraft:flower_pot":1,"minecraft:writable_book":2,"minecraft:bread":11,"minecraft:ladder":1,"minecraft:iron_pickaxe":1,"minecraft:chest":1,"minecraft:bell":1,"minecraft:hay_block":23,"minecraft:birch_log":2},"minecraft:broken":{"minecraft:wooden_axe":1},"minecraft:custom":{"minecraft:sprint_one_cm":40977,"minecraft:damage_taken":1683,"minecraft:walk_one_cm":217644,"minecraft:interact_with_anvil":3,"minecraft:drop":10,"minecraft:damage_dealt":722,"minecraft:interact_with_crafting_table":8,"minecraft:swim_one_cm":5362,"minecraft:player_kills":2,"minecraft:fly_one_cm":15228,"minecraft:open_barrel":4,"minecraft:open_chest":6,"minecraft:crouch_one_cm":3264,"minecraft:play_time":45295,"minecraft:deaths":5,"minecraft:bell_ring":31,"minecraft:sneak_time":1359,"minecraft:walk_under_water_one_cm":3839,"minecraft:pot_flower":1,"minecraft:interact_with_lectern":6,"minecraft:jump":429,"minecraft:leave_game":14,"minecraft:time_since_death":31044,"minecraft:walk_on_water_one_cm":20248,"minecraft:climb_one_cm":686,"minecraft:total_world_time":45295,"minecraft:fall_one_cm":2616,"minecraft:time_since_rest":31093}},"DataVersion":3953}