{"stats":{"minecraft:killed_by":{"minecraft:player":3,"minecraft:zombie":1},"minecraft:dropped":{"minecraft:bread":20,"minecraft:birch_planks":14,"minecraft:wheat_seeds":38,"minecraft:wooden_axe":1,"minecraft:rotten_flesh":6,"minecraft:writable_book":2,"minecraft:wooden_pickaxe":1},"minecraft:mined":{"minecraft:hay_block":26,"minecraft:jack_o_lantern":1,"minecraft:ladder":1,"minecraft:flower_pot":1,"minecraft:birch_wood":5,"minecraft:acacia_planks":1},"minecraft:picked_up":{"minecraft:wooden_axe":5,"minecraft:stripped_oak_log":1,"minecraft:birch_log":1,"minecraft:stick":11,"minecraft:allium":1,"minecraft:wheat":3,"minecraft:flower_pot":1,"minecraft:andesite":1,"minecraft:torch":4,"minecraft:wooden_pickaxe":3,"minecraft:oak_stairs":1,"minecraft:birch_planks":14,"minecraft:stone_brick_stairs":1,"minecraft:dirt":4,"minecraft:arrow":1,"minecraft:bone":2,"minecraft:rotten_flesh":7,"minecraft:acacia_planks":1,"minecraft:tropical_fish":1,"minecraft:wheat_seeds":165,"minecraft:writable_book":1,"minecraft:birch_wood":5,"minecraft:hay_block":26,"minecraft:bread":148,"minecraft:jack_o_lantern":1,"minecraft:white_wool":1,"minecraft:sunflower":1},"minecraft:crafted":{"minecraft:chest":1,"minecraft:birch_planks":8},"minecraft:used":{"minecraft:wooden_axe":19,"minecraft:flower_pot":1,"minecraft:jack_o_lantern":1,"minecraft:writable_book":2,"minecraft:bread":9,"minecraft:chest":1,"minecraft:birch_log":2},"minecraft:broken":{"minecraft:wooden_axe":1},"minecraft:custom":{"minecraft:sprint_one_cm":35410,"minecraft:damage_taken":1563,"minecraft:walk_one_cm":154031,"minecraft:interact_with_anvil":3,"minecraft:drop":10,"minecraft:damage_dealt":712,"minecraft:swim_one_cm":5362,"minecraft:interact_with_crafting_table":8,"minecraft:fly_one_cm":12791,"minecraft:player_kills":2,"minecraft:open_barrel":4,"minecraft:open_chest":4,"minecraft:crouch_one_cm":557,"minecraft:play_time":35911,"minecraft:deaths":5,"minecraft:sneak_time":332,"minecraft:walk_under_water_one_cm":3839,"minecraft:pot_flower":1,"minecraft:interact_with_lectern":6,"minecraft:jump":340,"minecraft:leave_game":11,"minecraft:walk_on_water_one_cm":20248,"minecraft:time_since_death":21660,"minecraft:total_world_time":35911,"minecraft:fall_one_cm":2347,"minecraft:time_since_rest":21709}},"DataVersion":3953}