{"stats":{"minecraft:killed_by":{"minecraft:player":3,"minecraft:zombie":1},"minecraft:dropped":{"minecraft:iron_ingot":5,"minecraft:bread":23,"minecraft:sweet_berries":4,"minecraft:birch_planks":29,"minecraft:wheat_seeds":40,"minecraft:bowl":1,"minecraft:wheat":4,"minecraft:birch_sapling":3,"minecraft:rotten_flesh":13,"minecraft:cooked_mutton":1,"minecraft:coal":4,"minecraft:stick":14,"minecraft:emerald":15,"minecraft:potato":5,"minecraft:dirt":1,"minecraft:andesite":1,"minecraft:wooden_axe":2,"minecraft:yellow_bed":1,"minecraft:oak_sapling":4,"minecraft:stripped_birch_log":1,"minecraft:writable_book":2,"minecraft:iron_pickaxe":1,"minecraft:wooden_pickaxe":2,"minecraft:birch_stairs":1,"minecraft:black_wool":1,"minecraft:polished_deepslate":1,"minecraft:egg":1},"minecraft:mined":{"minecraft:birch_stairs":1,"minecraft:stripped_birch_log":2,"minecraft:jack_o_lantern":1,"minecraft:ladder":2,"minecraft:grass_block":1,"minecraft:birch_wood":5,"minecraft:hay_block":26,"minecraft:birch_log":5,"minecraft:birch_leaves":1,"minecraft:bell":1,"minecraft:coal_ore":2,"minecraft:flower_pot":1,"minecraft:acacia_planks":1,"minecraft:stone":121},"minecraft:picked_up":{"minecraft:wooden_axe":6,"minecraft:stripped_oak_log":1,"minecraft:birch_log":6,"minecraft:wheat":3,"minecraft:allium":1,"minecraft:flower_pot":1,"minecraft:ladder":1,"minecraft:andesite":4,"minecraft:wooden_pickaxe":4,"minecraft:oak_stairs":1,"minecraft:birch_planks":88,"minecraft:stone_brick_stairs":1,"minecraft:yellow_bed":2,"minecraft:polished_deepslate":1,"minecraft:stripped_birch_log":1,"minecraft:dirt":7,"minecraft:cooked_mutton":2,"minecraft:bone":2,"minecraft:acacia_planks":1,"minecraft:wheat_seeds":165,"minecraft:bell":1,"minecraft:birch_wood":5,"minecraft:iron_ingot":5,"minecraft:birch_sapling":3,"minecraft:oak_planks":8,"minecraft:egg":5,"minecraft:stick":29,"minecraft:sweet_berries":4,"minecraft:torch":4,"minecraft:bowl":2,"minecraft:birch_stairs":2,"minecraft:arrow":1,"minecraft:rotten_flesh":21,"minecraft:tropical_fish":1,"minecraft:writable_book":1,"minecraft:hay_block":26,"minecraft:bread":148,"minecraft:emerald":15,"minecraft:jack_o_lantern":1,"minecraft:oak_sapling":4,"minecraft:black_wool":2,"minecraft:coal":18,"minecraft:white_wool":1,"minecraft:cobblestone":142,"minecraft:sunflower":1},"minecraft:crafted":{"minecraft:crafting_table":1,"minecraft:birch_planks":16,"minecraft:stick":8,"minecraft:chest":1},"minecraft:used":{"minecraft:jack_o_lantern":1,"minecraft:writable_book":2,"minecraft:polished_deepslate":1,"minecraft:ladder":1,"minecraft:chest":1,"minecraft:bell":1,"minecraft:dirt":1,"minecraft:crafting_table":1,"minecraft:wooden_axe":19,"minecraft:flower_pot":1,"minecraft:bread":16,"minecraft:iron_pickaxe":126,"minecraft:cobblestone":8,"minecraft:hay_block":23,"minecraft:birch_log":2,"minecraft:andesite":2,"minecraft:egg":4},"minecraft:broken":{"minecraft:wooden_axe":1},"minecraft:custom":{"minecraft:interact_with_anvil":3,"minecraft:interact_with_crafting_table":10,"minecraft:open_barrel":5,"minecraft:bell_ring":31,"minecraft:pot_flower":1,"minecraft:leave_game":19,"minecraft:time_since_death":52848,"minecraft:sleep_in_bed":3,"minecraft:climb_one_cm":686,"minecraft:time_since_rest":13289,"minecraft:sprint_one_cm":47667,"minecraft:walk_one_cm":324508,"minecraft:damage_taken":1983,"minecraft:drop":36,"minecraft:damage_dealt":773,"minecraft:swim_one_cm":5362,"minecraft:fly_one_cm":15978,"minecraft:player_kills":2,"minecraft:open_chest":7,"minecraft:crouch_one_cm":3375,"minecraft:play_time":67099,"minecraft:deaths":5,"minecraft:sneak_time":1542,"minecraft:walk_under_water_one_cm":3839,"minecraft:interact_with_lectern":6,"minecraft:jump":553,"minecraft:walk_on_water_one_cm":20248,"minecraft:total_world_time":67099,"minecraft:fall_one_cm":5604}},"DataVersion":3953}