{"stats":{"minecraft:killed_by":{"minecraft:player":3,"minecraft:zombie":1},"minecraft:dropped":{"minecraft:rotten_flesh":4,"minecraft:writable_book":2},"minecraft:mined":{"minecraft:flower_pot":1,"minecraft:acacia_planks":1},"minecraft:picked_up":{"minecraft:birch_log":1,"minecraft:stripped_oak_log":1,"minecraft:stick":11,"minecraft:allium":1,"minecraft:flower_pot":1,"minecraft:andesite":1,"minecraft:torch":4,"minecraft:wooden_pickaxe":3,"minecraft:oak_stairs":1,"minecraft:birch_planks":14,"minecraft:stone_brick_stairs":1,"minecraft:dirt":4,"minecraft:rotten_flesh":7,"minecraft:acacia_planks":1,"minecraft:wheat_seeds":162,"minecraft:writable_book":1,"minecraft:bread":66,"minecraft:white_wool":1,"minecraft:wooden_axe":5,"minecraft:sunflower":1},"minecraft:used":{"minecraft:wooden_axe":19,"minecraft:flower_pot":1,"minecraft:writable_book":2,"minecraft:bread":5},"minecraft:broken":{"minecraft:wooden_axe":1},"minecraft:custom":{"minecraft:time_since_rest":6797,"minecraft:sprint_one_cm":34653,"minecraft:walk_one_cm":86033,"minecraft:damage_taken":1423,"minecraft:interact_with_anvil":3,"minecraft:drop":4,"minecraft:damage_dealt":702,"minecraft:interact_with_crafting_table":3,"minecraft:fly_one_cm":11405,"minecraft:player_kills":2,"minecraft:open_barrel":3,"minecraft:crouch_one_cm":557,"minecraft:play_time":20999,"minecraft:deaths":5,"minecraft:sneak_time":284,"minecraft:pot_flower":1,"minecraft:interact_with_lectern":6,"minecraft:jump":144,"minecraft:leave_game":8,"minecraft:walk_on_water_one_cm":471,"minecraft:time_since_death":6748,"minecraft:total_world_time":20999,"minecraft:fall_one_cm":418}},"DataVersion":3953}