{"stats":{"minecraft:killed_by":{"minecraft:zombie":1},"minecraft:mined":{"minecraft:short_grass":11,"minecraft:birch_planks":1,"minecraft:grass_block":1,"minecraft:dark_oak_leaves":1},"minecraft:picked_up":{"minecraft:wheat_seeds":1,"minecraft:birch_planks":1,"minecraft:dirt":1},"minecraft:used":{"minecraft:birch_planks":1},"minecraft:killed":{"minecraft:zombie":1},"minecraft:custom":{"minecraft:open_barrel":2,"minecraft:time_since_rest":1724,"minecraft:crouch_one_cm":146,"minecraft:play_time":9499,"minecraft:sprint_one_cm":21441,"minecraft:deaths":2,"minecraft:damage_taken":490,"minecraft:walk_one_cm":10230,"minecraft:sneak_time":264,"minecraft:walk_under_water_one_cm":8662,"minecraft:mob_kills":1,"minecraft:jump":109,"minecraft:damage_dealt":95,"minecraft:leave_game":3,"minecraft:walk_on_water_one_cm":13,"minecraft:time_since_death":1654,"minecraft:total_world_time":9499,"minecraft:fall_one_cm":685,"minecraft:fly_one_cm":22776}},"DataVersion":3953}