{"stats":{"minecraft:killed_by":{"minecraft:zombie":1,"minecraft:player":1},"minecraft:dropped":{"minecraft:writable_book":1},"minecraft:picked_up":{"minecraft:bread":12,"minecraft:sunflower":1},"minecraft:used":{"minecraft:writable_book":1},"minecraft:custom":{"minecraft:jump":46,"minecraft:time_since_rest":3523,"minecraft:damage_dealt":38,"minecraft:damage_taken":520,"minecraft:play_time":7743,"minecraft:leave_game":4,"minecraft:sprint_one_cm":11715,"minecraft:walk_one_cm":22255,"minecraft:time_since_death":3476,"minecraft:deaths":2,"minecraft:total_world_time":7743,"minecraft:drop":1,"minecraft:interact_with_crafting_table":1,"minecraft:interact_with_lectern":1,"minecraft:fall_one_cm":209,"minecraft:fly_one_cm":4757}},"DataVersion":3953}