{"stats":{"minecraft:killed_by":{"minecraft:player":3,"minecraft:zombie":1},"minecraft:dropped":{"minecraft:bread":23,"minecraft:iron_ingot":7,"minecraft:birch_planks":29,"minecraft:sweet_berries":4,"minecraft:wheat_seeds":40,"minecraft:bowl":1,"minecraft:wheat":4,"minecraft:birch_sapling":3,"minecraft:rotten_flesh":13,"minecraft:cooked_mutton":1,"minecraft:coal":4,"minecraft:stick":14,"minecraft:emerald":15,"minecraft:dirt":1,"minecraft:potato":5,"minecraft:andesite":1,"minecraft:wooden_axe":2,"minecraft:yellow_bed":1,"minecraft:oak_sapling":4,"minecraft:stripped_birch_log":1,"minecraft:writable_book":2,"minecraft:iron_pickaxe":1,"minecraft:wooden_pickaxe":2,"minecraft:birch_stairs":1,"minecraft:black_wool":1,"minecraft:polished_deepslate":1,"minecraft:egg":1},"minecraft:mined":{"minecraft:birch_stairs":1,"minecraft:stripped_birch_log":2,"minecraft:jack_o_lantern":1,"minecraft:clay":29,"minecraft:ladder":2,"minecraft:grass_block":1,"minecraft:birch_wood":5,"minecraft:hay_block":26,"minecraft:birch_planks":3,"minecraft:birch_log":13,"minecraft:birch_leaves":1,"minecraft:bell":1,"minecraft:coal_ore":2,"minecraft:flower_pot":1,"minecraft:gravel":1,"minecraft:acacia_planks":1,"minecraft:stone":121},"minecraft:picked_up":{"minecraft:wooden_axe":6,"minecraft:stripped_oak_log":1,"minecraft:birch_log":14,"minecraft:wheat":3,"minecraft:allium":1,"minecraft:clay_ball":124,"minecraft:ladder":1,"minecraft:flower_pot":1,"minecraft:andesite":4,"minecraft:wooden_pickaxe":4,"minecraft:oak_stairs":1,"minecraft:birch_planks":91,"minecraft:stone_brick_stairs":1,"minecraft:yellow_bed":2,"minecraft:polished_deepslate":1,"minecraft:stripped_birch_log":1,"minecraft:dirt":7,"minecraft:cooked_mutton":2,"minecraft:iron_shovel":1,"minecraft:bone":2,"minecraft:acacia_planks":1,"minecraft:wheat_seeds":165,"minecraft:bell":1,"minecraft:birch_wood":5,"minecraft:iron_ingot":7,"minecraft:birch_sapling":3,"minecraft:oak_planks":8,"minecraft:egg":5,"minecraft:stick":29,"minecraft:sweet_berries":4,"minecraft:torch":4,"minecraft:bowl":2,"minecraft:birch_stairs":2,"minecraft:arrow":1,"minecraft:rotten_flesh":26,"minecraft:tropical_fish":1,"minecraft:writable_book":1,"minecraft:hay_block":26,"minecraft:bread":158,"minecraft:emerald":15,"minecraft:jack_o_lantern":1,"minecraft:oak_sapling":4,"minecraft:black_wool":2,"minecraft:coal":18,"minecraft:white_wool":1,"minecraft:cobblestone":146,"minecraft:sunflower":1},"minecraft:crafted":{"minecraft:crafting_table":1,"minecraft:birch_planks":16,"minecraft:campfire":1,"minecraft:stick":24,"minecraft:chest":3,"minecraft:iron_shovel":1,"minecraft:bricks":1,"minecraft:torch":4,"minecraft:brick":82},"minecraft:used":{"minecraft:jack_o_lantern":1,"minecraft:writable_book":2,"minecraft:iron_shovel":23,"minecraft:polished_deepslate":1,"minecraft:birch_planks":1,"minecraft:ladder":1,"minecraft:chest":3,"minecraft:bell":1,"minecraft:torch":1,"minecraft:dirt":1,"minecraft:crafting_table":1,"minecraft:campfire":1,"minecraft:wooden_axe":19,"minecraft:flower_pot":1,"minecraft:bread":18,"minecraft:iron_pickaxe":127,"minecraft:cobblestone":10,"minecraft:hay_block":23,"minecraft:birch_log":2,"minecraft:andesite":2,"minecraft:egg":4},"minecraft:broken":{"minecraft:wooden_axe":1},"minecraft:killed":{"minecraft:zombie":3},"minecraft:custom":{"minecraft:interact_with_furnace":9,"minecraft:mob_kills":4,"minecraft:interact_with_anvil":3,"minecraft:interact_with_crafting_table":24,"minecraft:open_barrel":5,"minecraft:bell_ring":31,"minecraft:pot_flower":1,"minecraft:leave_game":28,"minecraft:time_since_death":20858,"minecraft:sleep_in_bed":4,"minecraft:climb_one_cm":686,"minecraft:time_since_rest":20904,"minecraft:sprint_one_cm":67352,"minecraft:damage_taken":2313,"minecraft:walk_one_cm":435223,"minecraft:drop":37,"minecraft:damage_dealt":1269,"minecraft:swim_one_cm":16426,"minecraft:fly_one_cm":25812,"minecraft:player_kills":2,"minecraft:open_chest":31,"minecraft:crouch_one_cm":3375,"minecraft:play_time":109704,"minecraft:deaths":6,"minecraft:sneak_time":1542,"minecraft:walk_under_water_one_cm":7435,"minecraft:interact_with_lectern":6,"minecraft:jump":1006,"minecraft:walk_on_water_one_cm":25313,"minecraft:total_world_time":109704,"minecraft:fall_one_cm":8836}},"DataVersion":3953}