{"stats":{"minecraft:killed_by":{"minecraft:zombie":1,"minecraft:cave_spider":1},"minecraft:custom":{"minecraft:jump":19,"minecraft:time_since_rest":1978,"minecraft:sprint_one_cm":527,"minecraft:crouch_one_cm":61,"minecraft:damage_taken":525,"minecraft:leave_game":3,"minecraft:play_time":4243,"minecraft:walk_one_cm":13436,"minecraft:time_since_death":0,"minecraft:deaths":2,"minecraft:sneak_time":14,"minecraft:total_world_time":4243,"minecraft:fall_one_cm":249,"minecraft:fly_one_cm":2400}},"DataVersion":3953}