{"stats":{"minecraft:mined":{"minecraft:white_stained_glass_pane":2},"minecraft:custom":{"minecraft:jump":42,"minecraft:time_since_rest":3046,"minecraft:crouch_one_cm":330,"minecraft:leave_game":1,"minecraft:sprint_one_cm":23836,"minecraft:play_time":3046,"minecraft:damage_taken":210,"minecraft:time_since_death":3046,"minecraft:walk_one_cm":5381,"minecraft:sneak_time":157,"minecraft:total_world_time":3046,"minecraft:interact_with_lectern":1,"minecraft:fall_one_cm":836,"minecraft:fly_one_cm":8034}},"DataVersion":3953}