{"stats":{"minecraft:killed_by":{"minecraft:player":3,"minecraft:zombie":1},"minecraft:dropped":{"minecraft:bread":20,"minecraft:birch_planks":14,"minecraft:wheat_seeds":38,"minecraft:wooden_axe":1,"minecraft:rotten_flesh":6,"minecraft:writable_book":2,"minecraft:wooden_pickaxe":1},"minecraft:mined":{"minecraft:jack_o_lantern":1,"minecraft:flower_pot":1,"minecraft:acacia_planks":1},"minecraft:picked_up":{"minecraft:wooden_axe":5,"minecraft:stripped_oak_log":1,"minecraft:birch_log":1,"minecraft:stick":11,"minecraft:wheat":1,"minecraft:allium":1,"minecraft:flower_pot":1,"minecraft:andesite":1,"minecraft:torch":4,"minecraft:wooden_pickaxe":3,"minecraft:oak_stairs":1,"minecraft:birch_planks":14,"minecraft:stone_brick_stairs":1,"minecraft:dirt":4,"minecraft:rotten_flesh":7,"minecraft:acacia_planks":1,"minecraft:tropical_fish":1,"minecraft:wheat_seeds":163,"minecraft:writable_book":1,"minecraft:bread":84,"minecraft:jack_o_lantern":1,"minecraft:white_wool":1,"minecraft:sunflower":1},"minecraft:used":{"minecraft:wooden_axe":19,"minecraft:flower_pot":1,"minecraft:jack_o_lantern":1,"minecraft:writable_book":2,"minecraft:bread":7},"minecraft:broken":{"minecraft:wooden_axe":1},"minecraft:custom":{"minecraft:sprint_one_cm":35410,"minecraft:damage_taken":1563,"minecraft:walk_one_cm":117234,"minecraft:interact_with_anvil":3,"minecraft:drop":10,"minecraft:damage_dealt":712,"minecraft:swim_one_cm":5362,"minecraft:interact_with_crafting_table":5,"minecraft:fly_one_cm":12791,"minecraft:player_kills":2,"minecraft:open_barrel":3,"minecraft:crouch_one_cm":557,"minecraft:play_time":28537,"minecraft:deaths":5,"minecraft:sneak_time":332,"minecraft:walk_under_water_one_cm":3839,"minecraft:pot_flower":1,"minecraft:interact_with_lectern":6,"minecraft:jump":266,"minecraft:leave_game":9,"minecraft:walk_on_water_one_cm":20191,"minecraft:time_since_death":14286,"minecraft:total_world_time":28537,"minecraft:fall_one_cm":2347,"minecraft:time_since_rest":14335}},"DataVersion":3953}