{"stats":{"minecraft:killed_by":{"minecraft:zombie":1,"minecraft:player":1},"minecraft:dropped":{"minecraft:writable_book":1},"minecraft:mined":{"minecraft:acacia_planks":1},"minecraft:picked_up":{"minecraft:wooden_axe":3,"minecraft:stripped_oak_log":1,"minecraft:birch_log":1,"minecraft:stick":11,"minecraft:acacia_planks":1,"minecraft:rotten_flesh":1,"minecraft:andesite":1,"minecraft:torch":4,"minecraft:wheat_seeds":124,"minecraft:wooden_pickaxe":2,"minecraft:oak_stairs":1,"minecraft:stone_brick_stairs":1,"minecraft:bread":41,"minecraft:white_wool":1,"minecraft:dirt":4,"minecraft:sunflower":1},"minecraft:used":{"minecraft:writable_book":1},"minecraft:custom":{"minecraft:sprint_one_cm":22247,"minecraft:play_time":11074,"minecraft:damage_taken":520,"minecraft:walk_one_cm":33035,"minecraft:deaths":3,"minecraft:drop":1,"minecraft:interact_with_lectern":1,"minecraft:jump":61,"minecraft:damage_dealt":38,"minecraft:leave_game":5,"minecraft:time_since_death":2555,"minecraft:total_world_time":11074,"minecraft:interact_with_crafting_table":1,"minecraft:fall_one_cm":418,"minecraft:fly_one_cm":7291,"minecraft:time_since_rest":2653}},"DataVersion":3953}