{"stat.pickup.minecraft.bone":1,"stat.useItem.minecraft.iron_axe":53,"stat.leaveGame":3,"stat.mineBlock.minecraft.cobblestone":25,"stat.craftItem.minecraft.iron_axe":1,"stat.mineBlock.srparasites.gore":9,"stat.pickup.tombstone.familiar_stone":1,"stat.swimOneCm":15639,"stat.craftItem.minecraft.shield":1,"stat.drop.minecraft.cobblestone":15,"stat.useItem.minecraft.dirt":19,"stat.useItem.minecraft.stone_slab2":22,"stat.pickup.minecraft.rotten_flesh":3,"stat.craftItem.minecraft.furnace":1,"stat.useItem.minecraft.egg":2,"stat.craftItem.minecraft.stone_axe":1,"stat.craftItem.minecraft.iron_boots":1,"stat.craftItem.minecraft.stone_pickaxe":3,"stat.pickup.minecraft.cobblestone":554,"stat.flyOneCm":228231,"stat.drop.minecraft.wheat_seeds":1,"stat.mineBlock.minecraft.iron_ore":85,"stat.timeSinceDeath":0,"stat.useItem.minecraft.iron_pickaxe":495,"stat.craftItem.minecraft.wooden_pickaxe":1,"stat.pickup.minecraft.mutton":52,"stat.craftItem.minecraft.bed":2,"stat.furnaceInteraction":49,"stat.pickup.srparasites.lurecomponent2":1,"stat.mineBlock.minecraft.coal_ore":65,"stat.pickup.srparasites.lurecomponent1":20,"stat.useItem.minecraft.cooked_mutton":30,"stat.pickup.minecraft.furnace":2,"stat.pickup.tombstone.crafting_ingredient":1,"stat.craftItem.minecraft.stone_slab2":0,"stat.sprintOneCm":159921,"stat.craftItem.minecraft.stick":28,"stat.craftItem.minecraft.wooden_axe":1,"stat.mineBlock.minecraft.diamond_ore":9,"stat.mineBlock.minecraft.crafting_table":4,"stat.useItem.minecraft.diamond_pickaxe":331,"stat.deaths":30,"stat.mineBlock.minecraft.planks":4,"stat.drop":8,"stat.pickup.minecraft.egg":2,"stat.playOneMinute":106931,"stat.killEntity.Sheep":20,"stat.craftItem.minecraft.iron_pickaxe":4,"stat.craftItem.minecraft.diamond_pickaxe":1,"stat.mineBlock.minecraft.tallgrass":13,"stat.craftItem.minecraft.cooked_mutton":30,"stat.diveOneCm":2483,"stat.drop.srparasites.lurecomponent1":1,"stat.drop.srparasites.lurecomponent2":1,"stat.useItem.minecraft.stone":13,"stat.pickup.minecraft.gravel":3,"stat.pickup.minecraft.arrow":2,"stat.craftItem.minecraft.coal":2,"stat.drop.minecraft.iron_pickaxe":2,"stat.useItem.minecraft.rotten_flesh":1,"stat.jump":1796,"stat.pickup.minecraft.coal":102,"stat.fallOneCm":34598,"stat.pickup.minecraft.iron_ingot":1,"stat.drop.minecraft.stone":9,"stat.useItem.minecraft.stone_axe":49,"stat.crouchOneCm":2112,"stat.craftItem.minecraft.torch":4,"stat.craftItem.minecraft.iron_ingot":51,"stat.pickup.minecraft.dirt":37,"stat.craftItem.minecraft.iron_helmet":1,"stat.useItem.minecraft.cooked_chicken":1,"stat.craftingTableInteraction":30,"stat.pickup.minecraft.iron_ore":86,"stat.damageTaken":7864,"stat.pickup.minecraft.feather":4,"stat.mineBlock.minecraft.furnace":2,"stat.mineBlock.minecraft.torch":15,"stat.useItem.minecraft.wooden_pickaxe":23,"stat.pickup.srparasites.assimilated_flesh":12,"stat.pickup.minecraft.planks":37,"stat.pickup.minecraft.bed":9,"tombstone:undead_killed":1,"stat.pickup.minecraft.wheat_seeds":1,"stat.mineBlock.minecraft.gravel":3,"stat.useItem.minecraft.stone_pickaxe":97,"stat.craftItem.minecraft.iron_leggings":1,"stat.damageDealt":8043,"stat.sleepInBed":13,"stat.mineBlock.minecraft.dirt":36,"stat.craftItem.minecraft.iron_sword":1,"stat.walkOneCm":275941,"stat.useItem.minecraft.torch":18,"stat.drop.tombstone.crafting_ingredient":1,"stat.pickup.minecraft.crafting_table":4,"stat.useItem.minecraft.cobblestone":218,"stat.craftItem.minecraft.crafting_table":1,"stat.pickup.minecraft.log":23,"stat.pickup.minecraft.iron_pickaxe":2,"stat.useItem.tombstone.gift":1,"stat.pickup.minecraft.stone":186,"stat.craftItem.minecraft.iron_chestplate":1,"stat.pickup.minecraft.chicken":3,"stat.pickup.minecraft.sapling":1,"stat.killEntity.Skeleton":1,"stat.craftItem.minecraft.planks":84,"stat.useItem.minecraft.iron_sword":153,"stat.killEntity.Chicken":4,"stat.mineBlock.srparasites.infestremain":8,"stat.mobKills":83,"stat.mineBlock.minecraft.log":22,"stat.craftItem.minecraft.cooked_chicken":3,"stat.pickup.minecraft.diamond":9,"stat.mineBlock.minecraft.leaves":19,"stat.pickup.minecraft.torch":15,"stat.sneakTime":1729,"stat.pickup.minecraft.wool":20,"stat.useItem.minecraft.wooden_axe":1,"stat.mineBlock.minecraft.stone":739}