{"stat.walkOneCm":87106,"stat.craftItem.minecraft.bed":2,"stat.useItem.minecraft.torch":16,"stat.useItem.minecraft.stone":13,"stat.useItem.minecraft.iron_axe":4,"stat.pickup.minecraft.gravel":3,"stat.pickup.minecraft.crafting_table":4,"stat.mineBlock.minecraft.cobblestone":4,"stat.useItem.minecraft.cobblestone":88,"stat.craftItem.minecraft.crafting_table":1,"stat.furnaceInteraction":41,"stat.craftItem.minecraft.iron_axe":1,"stat.mineBlock.minecraft.coal_ore":62,"stat.craftItem.minecraft.coal":2,"stat.pickup.minecraft.log":23,"stat.drop.minecraft.iron_pickaxe":2,"stat.swimOneCm":7326,"stat.jump":676,"stat.pickup.minecraft.coal":98,"stat.fallOneCm":15098,"stat.craftItem.minecraft.shield":1,"stat.pickup.minecraft.iron_ingot":1,"stat.drop.minecraft.stone":9,"stat.pickup.minecraft.iron_pickaxe":2,"stat.useItem.minecraft.cooked_mutton":9,"stat.pickup.minecraft.furnace":2,"stat.drop.minecraft.cobblestone":15,"stat.useItem.minecraft.stone_axe":49,"stat.craftItem.minecraft.stone_slab2":0,"stat.pickup.minecraft.stone":117,"stat.craftItem.minecraft.iron_chestplate":1,"stat.crouchOneCm":356,"stat.pickup.minecraft.chicken":3,"stat.craftItem.minecraft.torch":4,"stat.craftItem.minecraft.iron_ingot":51,"stat.pickup.minecraft.sapling":1,"stat.pickup.minecraft.dirt":27,"stat.useItem.minecraft.dirt":16,"stat.craftItem.minecraft.iron_helmet":1,"stat.sprintOneCm":65353,"stat.useItem.minecraft.stone_slab2":12,"stat.craftItem.minecraft.stick":24,"stat.craftItem.minecraft.wooden_axe":1,"stat.craftingTableInteraction":24,"stat.pickup.minecraft.iron_ore":80,"stat.craftItem.minecraft.furnace":1,"stat.craftItem.minecraft.planks":84,"stat.killEntity.Chicken":3,"stat.mineBlock.minecraft.diamond_ore":9,"stat.craftItem.minecraft.stone_axe":1,"stat.craftItem.minecraft.iron_boots":1,"stat.damageTaken":467,"stat.mineBlock.minecraft.crafting_table":4,"stat.pickup.minecraft.feather":4,"stat.craftItem.minecraft.stone_pickaxe":3,"stat.mineBlock.minecraft.furnace":2,"stat.mineBlock.minecraft.torch":14,"stat.useItem.minecraft.wooden_pickaxe":23,"stat.mobKills":24,"stat.pickup.minecraft.cobblestone":297,"stat.mineBlock.minecraft.log":22,"stat.pickup.minecraft.planks":33,"stat.flyOneCm":75339,"stat.pickup.minecraft.bed":3,"stat.pickup.minecraft.wheat_seeds":1,"stat.drop":5,"stat.pickup.minecraft.diamond":9,"stat.mineBlock.minecraft.leaves":17,"stat.pickup.minecraft.egg":1,"stat.playOneMinute":48453,"stat.drop.minecraft.wheat_seeds":1,"stat.pickup.minecraft.torch":14,"stat.mineBlock.minecraft.gravel":3,"stat.killEntity.Sheep":20,"stat.useItem.minecraft.stone_pickaxe":97,"stat.sneakTime":658,"stat.craftItem.minecraft.iron_pickaxe":4,"stat.craftItem.minecraft.iron_leggings":1,"stat.pickup.minecraft.wool":20,"stat.damageDealt":1842,"stat.mineBlock.minecraft.iron_ore":79,"stat.sleepInBed":7,"stat.timeSinceDeath":48453,"stat.useItem.minecraft.wooden_axe":1,"stat.mineBlock.minecraft.dirt":26,"stat.useItem.minecraft.iron_pickaxe":431,"stat.craftItem.minecraft.wooden_pickaxe":1,"stat.mineBlock.minecraft.stone":387,"stat.mineBlock.minecraft.tallgrass":12,"stat.craftItem.minecraft.cooked_mutton":30,"stat.pickup.minecraft.mutton":52,"stat.diveOneCm":832}