{"stat.walkOneCm":46105,"stat.craftItem.minecraft.bed":2,"stat.useItem.minecraft.torch":9,"stat.useItem.minecraft.stone":3,"stat.pickup.minecraft.crafting_table":3,"stat.mineBlock.minecraft.cobblestone":2,"stat.useItem.minecraft.cobblestone":10,"stat.craftItem.minecraft.crafting_table":1,"stat.furnaceInteraction":24,"stat.mineBlock.minecraft.coal_ore":41,"stat.craftItem.minecraft.coal":2,"stat.pickup.minecraft.log":23,"stat.swimOneCm":1887,"stat.jump":251,"stat.pickup.minecraft.coal":41,"stat.fallOneCm":3919,"stat.useItem.minecraft.cooked_mutton":1,"stat.pickup.minecraft.furnace":1,"stat.useItem.minecraft.stone_axe":49,"stat.craftItem.minecraft.stone_slab2":0,"stat.pickup.minecraft.stone":64,"stat.craftItem.minecraft.iron_chestplate":1,"stat.crouchOneCm":253,"stat.pickup.minecraft.chicken":3,"stat.craftItem.minecraft.torch":4,"stat.craftItem.minecraft.iron_ingot":21,"stat.pickup.minecraft.sapling":1,"stat.pickup.minecraft.dirt":19,"stat.useItem.minecraft.dirt":16,"stat.sprintOneCm":29456,"stat.useItem.minecraft.stone_slab2":9,"stat.craftItem.minecraft.stick":24,"stat.craftItem.minecraft.wooden_axe":1,"stat.craftingTableInteraction":12,"stat.pickup.minecraft.iron_ore":25,"stat.craftItem.minecraft.furnace":1,"stat.craftItem.minecraft.planks":84,"stat.killEntity.Chicken":3,"stat.mineBlock.minecraft.diamond_ore":9,"stat.craftItem.minecraft.stone_axe":1,"stat.damageTaken":65,"stat.mineBlock.minecraft.crafting_table":3,"stat.pickup.minecraft.feather":4,"stat.craftItem.minecraft.stone_pickaxe":3,"stat.mineBlock.minecraft.furnace":1,"stat.mineBlock.minecraft.torch":9,"stat.useItem.minecraft.wooden_pickaxe":23,"stat.mobKills":23,"stat.pickup.minecraft.cobblestone":137,"stat.mineBlock.minecraft.log":22,"stat.pickup.minecraft.planks":33,"stat.flyOneCm":30887,"stat.pickup.minecraft.bed":1,"stat.pickup.minecraft.wheat_seeds":1,"stat.drop":1,"stat.pickup.minecraft.diamond":9,"stat.mineBlock.minecraft.leaves":9,"stat.playOneMinute":24153,"stat.drop.minecraft.wheat_seeds":1,"stat.pickup.minecraft.torch":9,"stat.killEntity.Sheep":20,"stat.useItem.minecraft.stone_pickaxe":70,"stat.sneakTime":393,"stat.craftItem.minecraft.iron_pickaxe":1,"stat.pickup.minecraft.wool":20,"stat.damageDealt":1738,"stat.mineBlock.minecraft.iron_ore":25,"stat.sleepInBed":4,"stat.timeSinceDeath":24153,"stat.useItem.minecraft.wooden_axe":1,"stat.mineBlock.minecraft.dirt":18,"stat.useItem.minecraft.iron_pickaxe":185,"stat.craftItem.minecraft.wooden_pickaxe":1,"stat.mineBlock.minecraft.stone":199,"stat.mineBlock.minecraft.tallgrass":12,"stat.craftItem.minecraft.cooked_mutton":30,"stat.pickup.minecraft.mutton":52,"stat.diveOneCm":429}