{"stat.drop.srparasites.lurecomponent2":1,"stat.useItem.minecraft.stone":13,"stat.useItem.minecraft.iron_axe":38,"stat.pickup.minecraft.gravel":3,"stat.mineBlock.minecraft.cobblestone":8,"stat.craftItem.minecraft.iron_axe":1,"stat.craftItem.minecraft.coal":2,"stat.drop.minecraft.iron_pickaxe":2,"stat.swimOneCm":8693,"stat.jump":842,"stat.pickup.minecraft.coal":98,"stat.fallOneCm":21608,"stat.craftItem.minecraft.shield":1,"stat.pickup.minecraft.iron_ingot":1,"stat.drop.minecraft.stone":9,"stat.drop.minecraft.cobblestone":15,"stat.useItem.minecraft.stone_axe":49,"stat.crouchOneCm":1679,"stat.craftItem.minecraft.torch":4,"stat.craftItem.minecraft.iron_ingot":51,"stat.pickup.minecraft.dirt":28,"stat.useItem.minecraft.dirt":19,"stat.craftItem.minecraft.iron_helmet":1,"stat.useItem.minecraft.stone_slab2":15,"stat.craftingTableInteraction":25,"stat.pickup.minecraft.iron_ore":80,"stat.craftItem.minecraft.furnace":1,"stat.craftItem.minecraft.stone_axe":1,"stat.craftItem.minecraft.iron_boots":1,"stat.damageTaken":1123,"stat.pickup.minecraft.feather":4,"stat.craftItem.minecraft.stone_pickaxe":3,"stat.mineBlock.minecraft.furnace":2,"stat.mineBlock.minecraft.torch":15,"stat.useItem.minecraft.wooden_pickaxe":23,"stat.pickup.minecraft.cobblestone":335,"stat.pickup.srparasites.assimilated_flesh":3,"stat.pickup.minecraft.planks":37,"stat.flyOneCm":96672,"stat.pickup.minecraft.bed":5,"stat.pickup.minecraft.wheat_seeds":1,"stat.drop.minecraft.wheat_seeds":1,"stat.mineBlock.minecraft.gravel":3,"stat.useItem.minecraft.stone_pickaxe":97,"stat.craftItem.minecraft.iron_leggings":1,"stat.damageDealt":2688,"stat.mineBlock.minecraft.iron_ore":79,"stat.sleepInBed":8,"stat.timeSinceDeath":10091,"stat.mineBlock.minecraft.dirt":27,"stat.useItem.minecraft.iron_pickaxe":485,"stat.craftItem.minecraft.wooden_pickaxe":1,"stat.pickup.minecraft.mutton":52,"stat.craftItem.minecraft.iron_sword":1,"stat.walkOneCm":114062,"stat.craftItem.minecraft.bed":2,"stat.useItem.minecraft.torch":16,"stat.drop.tombstone.crafting_ingredient":1,"stat.pickup.minecraft.crafting_table":4,"stat.useItem.minecraft.cobblestone":152,"stat.craftItem.minecraft.crafting_table":1,"stat.furnaceInteraction":42,"stat.pickup.srparasites.lurecomponent2":1,"stat.mineBlock.minecraft.coal_ore":62,"stat.pickup.srparasites.lurecomponent1":1,"stat.pickup.minecraft.log":23,"stat.pickup.minecraft.iron_pickaxe":2,"stat.useItem.minecraft.cooked_mutton":15,"stat.pickup.minecraft.furnace":2,"stat.useItem.tombstone.gift":1,"stat.pickup.tombstone.crafting_ingredient":1,"stat.craftItem.minecraft.stone_slab2":0,"stat.pickup.minecraft.stone":127,"stat.craftItem.minecraft.iron_chestplate":1,"stat.pickup.minecraft.chicken":3,"stat.pickup.minecraft.sapling":1,"stat.sprintOneCm":77244,"stat.craftItem.minecraft.stick":24,"stat.craftItem.minecraft.wooden_axe":1,"stat.craftItem.minecraft.planks":84,"stat.killEntity.Chicken":3,"stat.mineBlock.minecraft.diamond_ore":9,"stat.mineBlock.minecraft.crafting_table":4,"stat.mobKills":34,"stat.mineBlock.minecraft.log":22,"stat.deaths":1,"stat.mineBlock.minecraft.planks":4,"stat.drop":7,"stat.pickup.minecraft.diamond":9,"stat.mineBlock.minecraft.leaves":19,"stat.pickup.minecraft.egg":1,"stat.playOneMinute":60153,"stat.pickup.minecraft.torch":14,"stat.killEntity.Sheep":20,"stat.craftItem.minecraft.iron_pickaxe":4,"stat.sneakTime":1451,"stat.pickup.minecraft.wool":20,"stat.useItem.minecraft.wooden_axe":1,"stat.mineBlock.minecraft.stone":434,"stat.mineBlock.minecraft.tallgrass":12,"stat.craftItem.minecraft.cooked_mutton":30,"stat.diveOneCm":832}