{"stat.walkOneCm":62836,"stat.craftItem.minecraft.bed":2,"stat.useItem.minecraft.torch":13,"stat.useItem.minecraft.stone":3,"stat.useItem.minecraft.iron_axe":1,"stat.pickup.minecraft.crafting_table":4,"stat.mineBlock.minecraft.cobblestone":4,"stat.useItem.minecraft.cobblestone":84,"stat.craftItem.minecraft.crafting_table":1,"stat.furnaceInteraction":40,"stat.craftItem.minecraft.iron_axe":1,"stat.mineBlock.minecraft.coal_ore":41,"stat.craftItem.minecraft.coal":2,"stat.pickup.minecraft.log":23,"stat.swimOneCm":6983,"stat.jump":332,"stat.pickup.minecraft.coal":78,"stat.fallOneCm":3919,"stat.craftItem.minecraft.shield":1,"stat.pickup.minecraft.iron_ingot":1,"stat.useItem.minecraft.cooked_mutton":3,"stat.pickup.minecraft.furnace":2,"stat.useItem.minecraft.stone_axe":49,"stat.craftItem.minecraft.stone_slab2":0,"stat.pickup.minecraft.stone":76,"stat.craftItem.minecraft.iron_chestplate":1,"stat.crouchOneCm":258,"stat.pickup.minecraft.chicken":3,"stat.craftItem.minecraft.torch":4,"stat.craftItem.minecraft.iron_ingot":51,"stat.pickup.minecraft.sapling":1,"stat.pickup.minecraft.dirt":19,"stat.useItem.minecraft.dirt":16,"stat.craftItem.minecraft.iron_helmet":1,"stat.sprintOneCm":30935,"stat.useItem.minecraft.stone_slab2":11,"stat.craftItem.minecraft.stick":24,"stat.craftItem.minecraft.wooden_axe":1,"stat.craftingTableInteraction":22,"stat.pickup.minecraft.iron_ore":54,"stat.craftItem.minecraft.furnace":1,"stat.craftItem.minecraft.planks":84,"stat.killEntity.Chicken":3,"stat.mineBlock.minecraft.diamond_ore":9,"stat.craftItem.minecraft.stone_axe":1,"stat.craftItem.minecraft.iron_boots":1,"stat.damageTaken":75,"stat.mineBlock.minecraft.crafting_table":4,"stat.pickup.minecraft.feather":4,"stat.craftItem.minecraft.stone_pickaxe":3,"stat.mineBlock.minecraft.furnace":2,"stat.mineBlock.minecraft.torch":12,"stat.useItem.minecraft.wooden_pickaxe":23,"stat.mobKills":23,"stat.pickup.minecraft.cobblestone":189,"stat.mineBlock.minecraft.log":22,"stat.pickup.minecraft.planks":33,"stat.flyOneCm":31444,"stat.pickup.minecraft.bed":3,"stat.pickup.minecraft.wheat_seeds":1,"stat.drop":1,"stat.pickup.minecraft.diamond":9,"stat.mineBlock.minecraft.leaves":9,"stat.playOneMinute":35853,"stat.drop.minecraft.wheat_seeds":1,"stat.pickup.minecraft.torch":13,"stat.killEntity.Sheep":20,"stat.useItem.minecraft.stone_pickaxe":97,"stat.sneakTime":497,"stat.craftItem.minecraft.iron_pickaxe":2,"stat.craftItem.minecraft.iron_leggings":1,"stat.pickup.minecraft.wool":20,"stat.damageDealt":1738,"stat.mineBlock.minecraft.iron_ore":53,"stat.sleepInBed":7,"stat.timeSinceDeath":35853,"stat.useItem.minecraft.wooden_axe":1,"stat.mineBlock.minecraft.dirt":18,"stat.useItem.minecraft.iron_pickaxe":252,"stat.craftItem.minecraft.wooden_pickaxe":1,"stat.mineBlock.minecraft.stone":261,"stat.mineBlock.minecraft.tallgrass":12,"stat.craftItem.minecraft.cooked_mutton":30,"stat.pickup.minecraft.mutton":52,"stat.diveOneCm":832}