{"stat.walkOneCm":23876,"stat.craftItem.minecraft.bed":2,"stat.pickup.minecraft.crafting_table":3,"stat.useItem.minecraft.cobblestone":2,"stat.craftItem.minecraft.crafting_table":1,"stat.furnaceInteraction":8,"stat.craftItem.minecraft.coal":2,"stat.pickup.minecraft.log":23,"stat.swimOneCm":1887,"stat.jump":199,"stat.fallOneCm":3381,"stat.useItem.minecraft.cooked_mutton":1,"stat.pickup.minecraft.furnace":1,"stat.useItem.minecraft.stone_axe":49,"stat.craftItem.minecraft.stone_slab2":0,"stat.pickup.minecraft.stone":8,"stat.crouchOneCm":46,"stat.pickup.minecraft.chicken":3,"stat.craftItem.minecraft.torch":4,"stat.pickup.minecraft.sapling":1,"stat.pickup.minecraft.dirt":10,"stat.useItem.minecraft.dirt":3,"stat.sprintOneCm":28068,"stat.useItem.minecraft.stone_slab2":6,"stat.craftItem.minecraft.stick":24,"stat.craftItem.minecraft.wooden_axe":1,"stat.craftingTableInteraction":8,"stat.pickup.minecraft.iron_ore":5,"stat.craftItem.minecraft.furnace":1,"stat.craftItem.minecraft.planks":84,"stat.killEntity.Chicken":3,"stat.craftItem.minecraft.stone_axe":1,"stat.damageTaken":65,"stat.mineBlock.minecraft.crafting_table":3,"stat.pickup.minecraft.feather":4,"stat.craftItem.minecraft.stone_pickaxe":3,"stat.mineBlock.minecraft.furnace":1,"stat.useItem.minecraft.wooden_pickaxe":23,"stat.mobKills":23,"stat.pickup.minecraft.cobblestone":40,"stat.mineBlock.minecraft.log":22,"stat.pickup.minecraft.planks":33,"stat.flyOneCm":30813,"stat.pickup.minecraft.bed":1,"stat.pickup.minecraft.wheat_seeds":1,"stat.drop":1,"stat.mineBlock.minecraft.leaves":9,"stat.playOneMinute":11553,"stat.drop.minecraft.wheat_seeds":1,"stat.killEntity.Sheep":20,"stat.useItem.minecraft.stone_pickaxe":32,"stat.sneakTime":174,"stat.pickup.minecraft.wool":20,"stat.damageDealt":1738,"stat.mineBlock.minecraft.iron_ore":5,"stat.timeSinceDeath":11553,"stat.useItem.minecraft.wooden_axe":1,"stat.mineBlock.minecraft.dirt":9,"stat.craftItem.minecraft.wooden_pickaxe":1,"stat.mineBlock.minecraft.stone":49,"stat.mineBlock.minecraft.tallgrass":12,"stat.craftItem.minecraft.cooked_mutton":8,"stat.pickup.minecraft.mutton":52,"stat.diveOneCm":429}