{"stat.drop.srparasites.lurecomponent2":1,"stat.useItem.minecraft.stone":13,"stat.useItem.minecraft.iron_axe":38,"stat.pickup.minecraft.gravel":3,"stat.mineBlock.minecraft.cobblestone":9,"stat.craftItem.minecraft.iron_axe":1,"stat.mineBlock.srparasites.gore":1,"stat.craftItem.minecraft.coal":2,"stat.drop.minecraft.iron_pickaxe":2,"stat.swimOneCm":9523,"stat.jump":1027,"stat.pickup.minecraft.coal":98,"stat.fallOneCm":24402,"stat.craftItem.minecraft.shield":1,"stat.pickup.minecraft.iron_ingot":1,"stat.drop.minecraft.stone":9,"stat.drop.minecraft.cobblestone":15,"stat.useItem.minecraft.stone_axe":49,"stat.crouchOneCm":2021,"stat.craftItem.minecraft.torch":4,"stat.craftItem.minecraft.iron_ingot":51,"stat.pickup.minecraft.dirt":33,"stat.useItem.minecraft.dirt":19,"stat.craftItem.minecraft.iron_helmet":1,"stat.useItem.minecraft.stone_slab2":20,"stat.useItem.minecraft.cooked_chicken":1,"stat.craftingTableInteraction":30,"stat.pickup.minecraft.iron_ore":80,"stat.pickup.minecraft.rotten_flesh":3,"stat.craftItem.minecraft.furnace":1,"stat.useItem.minecraft.egg":1,"stat.craftItem.minecraft.stone_axe":1,"stat.craftItem.minecraft.iron_boots":1,"stat.damageTaken":1456,"stat.pickup.minecraft.feather":4,"stat.craftItem.minecraft.stone_pickaxe":3,"stat.mineBlock.minecraft.furnace":2,"stat.mineBlock.minecraft.torch":15,"stat.useItem.minecraft.wooden_pickaxe":23,"stat.pickup.minecraft.cobblestone":439,"stat.pickup.srparasites.assimilated_flesh":5,"stat.pickup.minecraft.planks":37,"stat.flyOneCm":129602,"stat.pickup.minecraft.bed":9,"stat.pickup.minecraft.wheat_seeds":1,"stat.drop.minecraft.wheat_seeds":1,"stat.mineBlock.minecraft.gravel":3,"stat.useItem.minecraft.stone_pickaxe":97,"stat.craftItem.minecraft.iron_leggings":1,"stat.damageDealt":3086,"stat.mineBlock.minecraft.iron_ore":79,"stat.sleepInBed":11,"stat.timeSinceDeath":22691,"stat.mineBlock.minecraft.dirt":32,"stat.useItem.minecraft.iron_pickaxe":495,"stat.craftItem.minecraft.wooden_pickaxe":1,"stat.pickup.minecraft.mutton":52,"stat.craftItem.minecraft.iron_sword":1,"stat.walkOneCm":156578,"stat.craftItem.minecraft.bed":2,"stat.useItem.minecraft.torch":16,"stat.drop.tombstone.crafting_ingredient":1,"stat.pickup.minecraft.crafting_table":4,"stat.useItem.minecraft.cobblestone":176,"stat.craftItem.minecraft.crafting_table":1,"stat.furnaceInteraction":48,"stat.pickup.srparasites.lurecomponent2":1,"stat.mineBlock.minecraft.coal_ore":62,"stat.pickup.srparasites.lurecomponent1":1,"stat.pickup.minecraft.log":23,"stat.pickup.minecraft.iron_pickaxe":2,"stat.useItem.minecraft.cooked_mutton":19,"stat.pickup.minecraft.furnace":2,"stat.useItem.tombstone.gift":1,"stat.pickup.tombstone.crafting_ingredient":1,"stat.craftItem.minecraft.stone_slab2":0,"stat.pickup.minecraft.stone":150,"stat.craftItem.minecraft.iron_chestplate":1,"stat.pickup.minecraft.chicken":3,"stat.pickup.minecraft.sapling":1,"stat.sprintOneCm":91422,"stat.craftItem.minecraft.stick":28,"stat.craftItem.minecraft.wooden_axe":1,"stat.craftItem.minecraft.planks":84,"stat.useItem.minecraft.iron_sword":12,"stat.killEntity.Chicken":3,"stat.mineBlock.minecraft.diamond_ore":9,"stat.mineBlock.minecraft.crafting_table":4,"stat.useItem.minecraft.diamond_pickaxe":142,"stat.mobKills":37,"stat.mineBlock.minecraft.log":22,"stat.craftItem.minecraft.cooked_chicken":3,"stat.deaths":1,"stat.mineBlock.minecraft.planks":4,"stat.drop":7,"stat.pickup.minecraft.diamond":9,"stat.mineBlock.minecraft.leaves":19,"stat.pickup.minecraft.egg":1,"stat.playOneMinute":72753,"stat.pickup.minecraft.torch":14,"stat.killEntity.Sheep":20,"stat.craftItem.minecraft.iron_pickaxe":4,"stat.sneakTime":1651,"stat.pickup.minecraft.wool":20,"stat.craftItem.minecraft.diamond_pickaxe":1,"stat.useItem.minecraft.wooden_axe":1,"stat.mineBlock.minecraft.stone":581,"stat.mineBlock.minecraft.tallgrass":12,"stat.craftItem.minecraft.cooked_mutton":30,"stat.diveOneCm":978}