{"stat.leaveGame":1,"stat.useItem.minecraft.apple":2,"stat.useItem.minecraft.mutton":3,"stat.swimOneCm":6689,"stat.jump":172,"stat.pickup.minecraft.coal":18,"stat.fallOneCm":1839,"stat.useItem.minecraft.stone_axe":1,"stat.crouchOneCm":30,"stat.craftItem.minecraft.torch":44,"stat.pickup.minecraft.dirt":4,"stat.useItem.minecraft.stone_slab2":4,"stat.craftingTableInteraction":8,"stat.craftItem.minecraft.furnace":1,"stat.craftItem.minecraft.stone_axe":1,"stat.damageTaken":195,"stat.craftItem.minecraft.stone_pickaxe":1,"stat.mineBlock.minecraft.furnace":2,"stat.useItem.minecraft.wooden_pickaxe":32,"stat.pickup.minecraft.cobblestone":22,"stat.craftItem.minecraft.wooden_sword":1,"stat.pickup.minecraft.reeds":1,"stat.craftItem.minecraft.stone_sword":1,"stat.flyOneCm":6081,"stat.pickup.minecraft.bed":1,"tombstone:undead_killed":3,"stat.useItem.minecraft.stone_pickaxe":2,"stat.useItem.minecraft.stone_sword":10,"stat.damageDealt":592,"stat.sleepInBed":4,"stat.timeSinceDeath":23940,"stat.mineBlock.minecraft.dirt":4,"stat.craftItem.minecraft.wooden_pickaxe":1,"stat.pickup.minecraft.mutton":6,"stat.walkOneCm":41875,"stat.craftItem.minecraft.bed":1,"stat.pickup.minecraft.crafting_table":2,"stat.craftItem.minecraft.crafting_table":1,"stat.furnaceInteraction":4,"stat.mineBlock.minecraft.coal_ore":10,"stat.pickup.minecraft.log":10,"stat.useItem.minecraft.cooked_mutton":3,"stat.pickup.minecraft.furnace":2,"stat.drop.minecraft.sapling":10,"stat.pickup.minecraft.sapling":10,"stat.sprintOneCm":16624,"stat.pickup.minecraft.apple":2,"stat.craftItem.minecraft.stick":20,"stat.killEntity.Skeleton":1,"stat.craftItem.minecraft.planks":40,"stat.mineBlock.minecraft.crafting_table":2,"stat.mobKills":7,"stat.mineBlock.minecraft.log":10,"stat.drop":10,"stat.mineBlock.minecraft.leaves":1,"stat.playOneMinute":23940,"stat.useItem.minecraft.wooden_sword":8,"stat.killEntity.Sheep":3,"stat.sneakTime":65,"stat.pickup.minecraft.wool":3,"stat.killEntity.Zombie":2,"stat.mineBlock.minecraft.stone":22,"stat.mineBlock.minecraft.tallgrass":1,"stat.craftItem.minecraft.cooked_mutton":3,"stat.diveOneCm":4841}