{"stat.leaveGame":3,"stat.mineBlock.minecraft.cobblestone":32,"stat.pickup.minecraft.flint":2,"stat.mineBlock.srparasites.gore":53,"stat.useItem.minecraft.diamond_sword":203,"stat.useItem.minecraft.mutton":3,"stat.swimOneCm":40151,"stat.useItem.minecraft.dirt":3,"stat.useItem.minecraft.stone_slab2":15,"stat.craftItem.minecraft.furnace":1,"stat.pickup.minecraft.splash_potion":1,"stat.craftItem.minecraft.stone_axe":1,"stat.craftItem.minecraft.iron_boots":1,"stat.craftItem.minecraft.stone_pickaxe":2,"stat.killEntity.Enderman":1,"stat.pickup.minecraft.cobblestone":138,"stat.craftItem.minecraft.stone_sword":1,"stat.flyOneCm":41755,"stat.drop.minecraft.wheat_seeds":1,"stat.mineBlock.minecraft.iron_ore":48,"stat.timeSinceDeath":6989,"stat.useItem.minecraft.iron_pickaxe":47,"stat.craftItem.minecraft.wooden_pickaxe":2,"stat.pickup.minecraft.mutton":13,"stat.craftItem.minecraft.bed":3,"stat.furnaceInteraction":17,"stat.pickup.srparasites.lurecomponent2":1,"stat.mineBlock.minecraft.coal_ore":77,"stat.pickup.srparasites.lurecomponent1":11,"stat.pickup.minecraft.wooden_sword":1,"stat.useItem.minecraft.cooked_mutton":7,"stat.pickup.minecraft.furnace":4,"stat.entityKilledBy.Skeleton":2,"stat.sprintOneCm":70925,"stat.craftItem.minecraft.stick":64,"stat.pickup.minecraft.potion":1,"stat.mineBlock.minecraft.crafting_table":3,"stat.deaths":37,"stat.mineBlock.minecraft.planks":1,"stat.drop":32,"stat.playOneMinute":118519,"stat.useItem.minecraft.wooden_sword":17,"stat.killEntity.Sheep":7,"stat.drop.tombstone.grave_key":2,"stat.craftItem.minecraft.iron_pickaxe":1,"stat.killEntity.Zombie":3,"stat.mineBlock.minecraft.tallgrass":2,"stat.craftItem.minecraft.cooked_mutton":10,"stat.diveOneCm":31873,"stat.useItem.minecraft.splash_potion":1,"stat.drop.srparasites.lurecomponent1":14,"stat.pickup.minecraft.sign":1,"stat.pickup.minecraft.gravel":3,"stat.useItem.minecraft.apple":2,"stat.useItem.minecraft.potion":1,"stat.pickup.minecraft.diamond_sword":1,"stat.jump":1219,"stat.pickup.minecraft.coal":117,"stat.pickup.minecraft.cooked_chicken":1,"stat.fallOneCm":19117,"stat.useItem.minecraft.stone_axe":1,"stat.crouchOneCm":2142,"stat.craftItem.minecraft.torch":52,"stat.craftItem.minecraft.iron_ingot":43,"stat.pickup.minecraft.dirt":16,"stat.craftItem.minecraft.iron_helmet":1,"stat.drop.minecraft.bed":1,"stat.useItem.minecraft.cooked_chicken":1,"stat.craftingTableInteraction":18,"stat.pickup.minecraft.iron_ore":48,"stat.drop.minecraft.milk_bucket":1,"stat.pickup.minecraft.milk_bucket":1,"stat.damageTaken":8446,"stat.mineBlock.minecraft.furnace":4,"stat.mineBlock.minecraft.torch":5,"stat.useItem.minecraft.wooden_pickaxe":32,"stat.useItem.minecraft.furnace":1,"stat.craftItem.minecraft.wooden_sword":2,"stat.pickup.srparasites.assimilated_flesh":7,"stat.pickup.minecraft.planks":7,"stat.pickup.minecraft.reeds":1,"stat.pickup.minecraft.bed":2,"tombstone:undead_killed":4,"stat.pickup.minecraft.wheat_seeds":1,"stat.entityKilledBy.Zombie":3,"stat.mineBlock.minecraft.gravel":5,"stat.useItem.minecraft.stone_pickaxe":187,"stat.useItem.minecraft.stone_sword":34,"stat.craftItem.minecraft.iron_leggings":1,"stat.damageDealt":5404,"stat.sleepInBed":14,"stat.mineBlock.minecraft.dirt":14,"stat.craftItem.minecraft.iron_sword":1,"stat.walkOneCm":317459,"stat.useItem.minecraft.torch":14,"stat.pickup.minecraft.stick":4,"stat.pickup.minecraft.crafting_table":3,"stat.useItem.minecraft.cobblestone":76,"stat.craftItem.minecraft.crafting_table":2,"stat.pickup.minecraft.log":20,"stat.useItem.tombstone.gift":1,"stat.pickup.minecraft.stone":5,"stat.drop.minecraft.sapling":10,"stat.craftItem.minecraft.iron_chestplate":1,"stat.pickup.minecraft.sapling":10,"stat.pickup.minecraft.apple":2,"stat.drop.srparasites.assimilated_flesh":3,"stat.killEntity.Skeleton":1,"stat.craftItem.minecraft.planks":80,"stat.useItem.minecraft.iron_sword":1,"stat.mineBlock.srparasites.infestremain":11,"stat.mobKills":35,"stat.mineBlock.minecraft.log":20,"stat.mineBlock.minecraft.leaves":4,"stat.pickup.minecraft.torch":4,"stat.sneakTime":2367,"stat.pickup.minecraft.wool":15,"stat.mineBlock.minecraft.stone":97}