{"stat.leaveGame":1,"stat.pickup.minecraft.gravel":3,"stat.mineBlock.minecraft.cobblestone":23,"stat.pickup.minecraft.flint":1,"stat.useItem.minecraft.apple":2,"stat.mineBlock.srparasites.gore":2,"stat.useItem.minecraft.mutton":3,"stat.swimOneCm":12044,"stat.jump":360,"stat.pickup.minecraft.coal":67,"stat.fallOneCm":4105,"stat.useItem.minecraft.stone_axe":1,"stat.crouchOneCm":1373,"stat.craftItem.minecraft.torch":44,"stat.craftItem.minecraft.iron_ingot":43,"stat.pickup.minecraft.dirt":4,"stat.useItem.minecraft.dirt":3,"stat.craftItem.minecraft.iron_helmet":1,"stat.useItem.minecraft.stone_slab2":8,"stat.craftingTableInteraction":11,"stat.pickup.minecraft.iron_ore":45,"stat.craftItem.minecraft.furnace":1,"stat.craftItem.minecraft.stone_axe":1,"stat.craftItem.minecraft.iron_boots":1,"stat.damageTaken":573,"stat.craftItem.minecraft.stone_pickaxe":1,"stat.mineBlock.minecraft.furnace":2,"stat.mineBlock.minecraft.torch":3,"stat.useItem.minecraft.wooden_pickaxe":32,"stat.useItem.minecraft.furnace":1,"stat.pickup.minecraft.cobblestone":89,"stat.craftItem.minecraft.wooden_sword":1,"stat.pickup.srparasites.assimilated_flesh":2,"stat.pickup.minecraft.reeds":1,"stat.craftItem.minecraft.stone_sword":1,"stat.flyOneCm":10660,"stat.pickup.minecraft.bed":2,"tombstone:undead_killed":4,"stat.mineBlock.minecraft.gravel":4,"stat.useItem.minecraft.stone_pickaxe":128,"stat.useItem.minecraft.stone_sword":34,"stat.craftItem.minecraft.iron_leggings":1,"stat.damageDealt":1178,"stat.mineBlock.minecraft.iron_ore":45,"stat.sleepInBed":8,"stat.timeSinceDeath":3255,"stat.mineBlock.minecraft.dirt":4,"stat.useItem.minecraft.iron_pickaxe":47,"stat.craftItem.minecraft.wooden_pickaxe":1,"stat.pickup.minecraft.mutton":6,"stat.craftItem.minecraft.iron_sword":1,"stat.walkOneCm":78330,"stat.craftItem.minecraft.bed":1,"stat.useItem.minecraft.torch":6,"stat.pickup.minecraft.crafting_table":2,"stat.useItem.minecraft.cobblestone":52,"stat.craftItem.minecraft.crafting_table":1,"stat.furnaceInteraction":8,"stat.pickup.srparasites.lurecomponent2":1,"stat.mineBlock.minecraft.coal_ore":59,"stat.pickup.minecraft.wooden_sword":1,"stat.pickup.minecraft.log":10,"stat.useItem.minecraft.cooked_mutton":3,"stat.pickup.minecraft.furnace":2,"stat.useItem.tombstone.gift":1,"stat.pickup.minecraft.stone":4,"stat.drop.minecraft.sapling":10,"stat.craftItem.minecraft.iron_chestplate":1,"stat.pickup.minecraft.sapling":10,"stat.sprintOneCm":25064,"stat.pickup.minecraft.apple":2,"stat.craftItem.minecraft.stick":56,"stat.killEntity.Skeleton":1,"stat.craftItem.minecraft.planks":40,"stat.useItem.minecraft.iron_sword":1,"stat.mineBlock.minecraft.crafting_table":2,"stat.mobKills":13,"stat.mineBlock.minecraft.log":10,"stat.deaths":2,"stat.drop":10,"stat.mineBlock.minecraft.leaves":1,"stat.playOneMinute":48240,"stat.useItem.minecraft.wooden_sword":8,"stat.pickup.minecraft.torch":3,"stat.killEntity.Sheep":3,"stat.sneakTime":1603,"stat.craftItem.minecraft.iron_pickaxe":1,"stat.pickup.minecraft.wool":3,"stat.killEntity.Zombie":3,"stat.mineBlock.minecraft.stone":71,"stat.mineBlock.minecraft.tallgrass":1,"stat.craftItem.minecraft.cooked_mutton":3,"stat.diveOneCm":9779}