{"stat.leaveGame":1,"stat.mineBlock.minecraft.cobblestone":15,"stat.useItem.minecraft.apple":2,"stat.useItem.minecraft.mutton":3,"stat.swimOneCm":6689,"stat.jump":271,"stat.pickup.minecraft.coal":52,"stat.fallOneCm":2835,"stat.useItem.minecraft.stone_axe":1,"stat.crouchOneCm":30,"stat.craftItem.minecraft.torch":44,"stat.craftItem.minecraft.iron_ingot":43,"stat.pickup.minecraft.dirt":4,"stat.useItem.minecraft.dirt":3,"stat.useItem.minecraft.stone_slab2":8,"stat.craftingTableInteraction":9,"stat.pickup.minecraft.iron_ore":43,"stat.craftItem.minecraft.furnace":1,"stat.craftItem.minecraft.stone_axe":1,"stat.damageTaken":395,"stat.craftItem.minecraft.stone_pickaxe":1,"stat.mineBlock.minecraft.furnace":2,"stat.mineBlock.minecraft.torch":3,"stat.useItem.minecraft.wooden_pickaxe":32,"stat.useItem.minecraft.furnace":1,"stat.pickup.minecraft.cobblestone":60,"stat.craftItem.minecraft.wooden_sword":1,"stat.pickup.minecraft.reeds":1,"stat.craftItem.minecraft.stone_sword":1,"stat.flyOneCm":9433,"stat.pickup.minecraft.bed":1,"tombstone:undead_killed":4,"stat.useItem.minecraft.stone_pickaxe":119,"stat.useItem.minecraft.stone_sword":19,"stat.damageDealt":875,"stat.mineBlock.minecraft.iron_ore":43,"stat.sleepInBed":8,"stat.timeSinceDeath":2390,"stat.mineBlock.minecraft.dirt":4,"stat.craftItem.minecraft.wooden_pickaxe":1,"stat.pickup.minecraft.mutton":6,"stat.walkOneCm":64934,"stat.craftItem.minecraft.bed":1,"stat.useItem.minecraft.torch":6,"stat.pickup.minecraft.crafting_table":2,"stat.useItem.minecraft.cobblestone":22,"stat.craftItem.minecraft.crafting_table":1,"stat.furnaceInteraction":8,"stat.mineBlock.minecraft.coal_ore":44,"stat.pickup.minecraft.log":10,"stat.useItem.minecraft.cooked_mutton":3,"stat.pickup.minecraft.furnace":2,"stat.useItem.tombstone.gift":1,"stat.drop.minecraft.sapling":10,"stat.pickup.minecraft.sapling":10,"stat.sprintOneCm":22934,"stat.pickup.minecraft.apple":2,"stat.craftItem.minecraft.stick":20,"stat.killEntity.Skeleton":1,"stat.craftItem.minecraft.planks":40,"stat.mineBlock.minecraft.crafting_table":2,"stat.mobKills":8,"stat.mineBlock.minecraft.log":10,"stat.deaths":1,"stat.drop":10,"stat.mineBlock.minecraft.leaves":1,"stat.playOneMinute":35640,"stat.useItem.minecraft.wooden_sword":8,"stat.pickup.minecraft.torch":3,"stat.killEntity.Sheep":3,"stat.sneakTime":180,"stat.pickup.minecraft.wool":3,"stat.killEntity.Zombie":3,"stat.mineBlock.minecraft.stone":45,"stat.mineBlock.minecraft.tallgrass":1,"stat.craftItem.minecraft.cooked_mutton":3,"stat.diveOneCm":4841}