{"stat.leaveGame":3,"stat.mineBlock.minecraft.cobblestone":24,"stat.pickup.minecraft.flint":1,"stat.mineBlock.srparasites.gore":11,"stat.useItem.minecraft.diamond_sword":26,"stat.useItem.minecraft.mutton":3,"stat.swimOneCm":32300,"stat.useItem.minecraft.dirt":3,"stat.useItem.minecraft.stone_slab2":14,"stat.craftItem.minecraft.furnace":1,"stat.pickup.minecraft.splash_potion":1,"stat.craftItem.minecraft.stone_axe":1,"stat.craftItem.minecraft.iron_boots":1,"stat.craftItem.minecraft.stone_pickaxe":2,"stat.pickup.minecraft.cobblestone":122,"stat.craftItem.minecraft.stone_sword":1,"stat.flyOneCm":20546,"stat.mineBlock.minecraft.iron_ore":45,"stat.timeSinceDeath":17695,"stat.useItem.minecraft.iron_pickaxe":47,"stat.craftItem.minecraft.wooden_pickaxe":2,"stat.pickup.minecraft.mutton":6,"stat.craftItem.minecraft.bed":3,"stat.furnaceInteraction":9,"stat.pickup.srparasites.lurecomponent2":1,"stat.mineBlock.minecraft.coal_ore":77,"stat.pickup.srparasites.lurecomponent1":2,"stat.pickup.minecraft.wooden_sword":1,"stat.useItem.minecraft.cooked_mutton":3,"stat.pickup.minecraft.furnace":2,"stat.entityKilledBy.Skeleton":2,"stat.sprintOneCm":56819,"stat.craftItem.minecraft.stick":64,"stat.pickup.minecraft.potion":1,"stat.mineBlock.minecraft.crafting_table":3,"stat.deaths":7,"stat.mineBlock.minecraft.planks":1,"stat.drop":16,"stat.playOneMinute":82453,"stat.useItem.minecraft.wooden_sword":17,"stat.killEntity.Sheep":3,"stat.drop.tombstone.grave_key":2,"stat.craftItem.minecraft.iron_pickaxe":1,"stat.killEntity.Zombie":3,"stat.mineBlock.minecraft.tallgrass":1,"stat.craftItem.minecraft.cooked_mutton":3,"stat.diveOneCm":17704,"stat.useItem.minecraft.splash_potion":1,"stat.drop.srparasites.lurecomponent1":1,"stat.pickup.minecraft.sign":1,"stat.pickup.minecraft.gravel":3,"stat.useItem.minecraft.apple":2,"stat.pickup.minecraft.diamond_sword":1,"stat.jump":674,"stat.pickup.minecraft.coal":83,"stat.pickup.minecraft.cooked_chicken":1,"stat.fallOneCm":10493,"stat.useItem.minecraft.stone_axe":1,"stat.crouchOneCm":2125,"stat.craftItem.minecraft.torch":44,"stat.craftItem.minecraft.iron_ingot":43,"stat.pickup.minecraft.dirt":14,"stat.craftItem.minecraft.iron_helmet":1,"stat.drop.minecraft.bed":1,"stat.useItem.minecraft.cooked_chicken":1,"stat.craftingTableInteraction":16,"stat.pickup.minecraft.iron_ore":45,"stat.drop.minecraft.milk_bucket":1,"stat.pickup.minecraft.milk_bucket":1,"stat.damageTaken":2113,"stat.mineBlock.minecraft.furnace":2,"stat.mineBlock.minecraft.torch":3,"stat.useItem.minecraft.wooden_pickaxe":32,"stat.useItem.minecraft.furnace":1,"stat.craftItem.minecraft.wooden_sword":2,"stat.pickup.srparasites.assimilated_flesh":4,"stat.pickup.minecraft.planks":7,"stat.pickup.minecraft.reeds":1,"stat.pickup.minecraft.bed":2,"tombstone:undead_killed":4,"stat.entityKilledBy.Zombie":3,"stat.mineBlock.minecraft.gravel":4,"stat.useItem.minecraft.stone_pickaxe":167,"stat.useItem.minecraft.stone_sword":34,"stat.craftItem.minecraft.iron_leggings":1,"stat.damageDealt":1817,"stat.sleepInBed":12,"stat.mineBlock.minecraft.dirt":14,"stat.craftItem.minecraft.iron_sword":1,"stat.walkOneCm":170312,"stat.useItem.minecraft.torch":6,"stat.pickup.minecraft.stick":4,"stat.pickup.minecraft.crafting_table":3,"stat.useItem.minecraft.cobblestone":60,"stat.craftItem.minecraft.crafting_table":2,"stat.pickup.minecraft.log":15,"stat.useItem.tombstone.gift":1,"stat.pickup.minecraft.stone":4,"stat.drop.minecraft.sapling":10,"stat.craftItem.minecraft.iron_chestplate":1,"stat.pickup.minecraft.sapling":10,"stat.pickup.minecraft.apple":2,"stat.drop.srparasites.assimilated_flesh":1,"stat.killEntity.Skeleton":1,"stat.craftItem.minecraft.planks":60,"stat.useItem.minecraft.iron_sword":1,"stat.mobKills":17,"stat.mineBlock.minecraft.log":15,"stat.mineBlock.minecraft.leaves":2,"stat.pickup.minecraft.torch":3,"stat.sneakTime":2268,"stat.pickup.minecraft.wool":11,"stat.mineBlock.minecraft.stone":91}