{"stat.walkOneCm":27952,"stat.craftItem.minecraft.planks":40,"stat.pickup.minecraft.crafting_table":1,"stat.damageTaken":65,"stat.mineBlock.minecraft.crafting_table":1,"stat.craftItem.minecraft.crafting_table":1,"stat.useItem.minecraft.wooden_pickaxe":32,"stat.useItem.minecraft.apple":2,"stat.mobKills":4,"stat.pickup.minecraft.cobblestone":22,"stat.mineBlock.minecraft.coal_ore":10,"stat.craftItem.minecraft.wooden_sword":1,"stat.mineBlock.minecraft.log":10,"stat.pickup.minecraft.reeds":1,"stat.pickup.minecraft.log":10,"stat.flyOneCm":2792,"tombstone:undead_killed":1,"stat.useItem.minecraft.mutton":3,"stat.drop":7,"stat.jump":109,"stat.swimOneCm":2830,"stat.mineBlock.minecraft.leaves":1,"stat.playOneMinute":11449,"stat.pickup.minecraft.coal":18,"stat.fallOneCm":1839,"stat.useItem.minecraft.wooden_sword":8,"stat.killEntity.Sheep":3,"stat.pickup.minecraft.wool":3,"stat.damageDealt":252,"stat.drop.minecraft.sapling":7,"stat.killEntity.Zombie":1,"stat.timeSinceDeath":11449,"stat.pickup.minecraft.sapling":7,"stat.pickup.minecraft.dirt":4,"stat.sprintOneCm":12629,"stat.mineBlock.minecraft.dirt":4,"stat.useItem.minecraft.stone_slab2":1,"stat.craftItem.minecraft.wooden_pickaxe":1,"stat.mineBlock.minecraft.stone":22,"stat.pickup.minecraft.apple":2,"stat.pickup.minecraft.mutton":6,"stat.craftItem.minecraft.stick":8,"stat.craftingTableInteraction":1}