{"stat.leaveGame":2,"stat.mineBlock.minecraft.cobblestone":23,"stat.pickup.minecraft.flint":1,"stat.mineBlock.srparasites.gore":8,"stat.useItem.minecraft.diamond_sword":12,"stat.useItem.minecraft.mutton":3,"stat.swimOneCm":25167,"stat.useItem.minecraft.dirt":3,"stat.useItem.minecraft.stone_slab2":12,"stat.craftItem.minecraft.furnace":1,"stat.pickup.minecraft.splash_potion":1,"stat.craftItem.minecraft.stone_axe":1,"stat.craftItem.minecraft.iron_boots":1,"stat.craftItem.minecraft.stone_pickaxe":1,"stat.pickup.minecraft.cobblestone":91,"stat.craftItem.minecraft.stone_sword":1,"stat.flyOneCm":20156,"stat.mineBlock.minecraft.iron_ore":45,"stat.timeSinceDeath":7619,"stat.useItem.minecraft.iron_pickaxe":47,"stat.craftItem.minecraft.wooden_pickaxe":2,"stat.pickup.minecraft.mutton":6,"stat.craftItem.minecraft.bed":3,"stat.furnaceInteraction":9,"stat.pickup.srparasites.lurecomponent2":1,"stat.mineBlock.minecraft.coal_ore":59,"stat.pickup.minecraft.wooden_sword":1,"stat.useItem.minecraft.cooked_mutton":3,"stat.pickup.minecraft.furnace":2,"stat.entityKilledBy.Skeleton":2,"stat.sprintOneCm":54208,"stat.craftItem.minecraft.stick":64,"stat.pickup.minecraft.potion":1,"stat.mineBlock.minecraft.crafting_table":3,"stat.deaths":7,"stat.mineBlock.minecraft.planks":1,"stat.drop":14,"stat.playOneMinute":72377,"stat.useItem.minecraft.wooden_sword":17,"stat.killEntity.Sheep":3,"stat.drop.tombstone.grave_key":2,"stat.craftItem.minecraft.iron_pickaxe":1,"stat.killEntity.Zombie":3,"stat.mineBlock.minecraft.tallgrass":1,"stat.craftItem.minecraft.cooked_mutton":3,"stat.diveOneCm":13139,"stat.pickup.minecraft.sign":1,"stat.pickup.minecraft.gravel":3,"stat.useItem.minecraft.apple":2,"stat.pickup.minecraft.diamond_sword":1,"stat.jump":590,"stat.pickup.minecraft.coal":67,"stat.fallOneCm":10493,"stat.useItem.minecraft.stone_axe":1,"stat.crouchOneCm":1374,"stat.craftItem.minecraft.torch":44,"stat.craftItem.minecraft.iron_ingot":43,"stat.pickup.minecraft.dirt":14,"stat.craftItem.minecraft.iron_helmet":1,"stat.drop.minecraft.bed":1,"stat.craftingTableInteraction":14,"stat.pickup.minecraft.iron_ore":45,"stat.pickup.minecraft.milk_bucket":1,"stat.damageTaken":1998,"stat.mineBlock.minecraft.furnace":2,"stat.mineBlock.minecraft.torch":3,"stat.useItem.minecraft.wooden_pickaxe":32,"stat.useItem.minecraft.furnace":1,"stat.craftItem.minecraft.wooden_sword":2,"stat.pickup.srparasites.assimilated_flesh":3,"stat.pickup.minecraft.planks":7,"stat.pickup.minecraft.reeds":1,"stat.pickup.minecraft.bed":2,"tombstone:undead_killed":4,"stat.entityKilledBy.Zombie":3,"stat.mineBlock.minecraft.gravel":4,"stat.useItem.minecraft.stone_pickaxe":128,"stat.useItem.minecraft.stone_sword":34,"stat.craftItem.minecraft.iron_leggings":1,"stat.damageDealt":1489,"stat.sleepInBed":12,"stat.mineBlock.minecraft.dirt":14,"stat.craftItem.minecraft.iron_sword":1,"stat.walkOneCm":133157,"stat.useItem.minecraft.torch":6,"stat.pickup.minecraft.crafting_table":3,"stat.useItem.minecraft.cobblestone":52,"stat.craftItem.minecraft.crafting_table":2,"stat.pickup.minecraft.log":15,"stat.useItem.tombstone.gift":1,"stat.pickup.minecraft.stone":4,"stat.drop.minecraft.sapling":10,"stat.craftItem.minecraft.iron_chestplate":1,"stat.pickup.minecraft.sapling":10,"stat.pickup.minecraft.apple":2,"stat.drop.srparasites.assimilated_flesh":1,"stat.killEntity.Skeleton":1,"stat.craftItem.minecraft.planks":60,"stat.useItem.minecraft.iron_sword":1,"stat.mobKills":14,"stat.mineBlock.minecraft.log":15,"stat.mineBlock.minecraft.leaves":2,"stat.pickup.minecraft.torch":3,"stat.sneakTime":1688,"stat.pickup.minecraft.wool":11,"stat.mineBlock.minecraft.stone":71}