{"stats":{"minecraft:killed_by":{"minecraft:player":2,"minecraft:zombie":3},"minecraft:dropped":{"minecraft:bread":219,"minecraft:birch_planks":59,"minecraft:cobblestone":30,"minecraft:coal":12,"minecraft:stick":14,"minecraft:dirt":3,"minecraft:wooden_axe":1,"minecraft:writable_book":1,"minecraft:iron_shovel":1,"minecraft:birch_stairs":1,"minecraft:polished_deepslate":2,"minecraft:sweet_berries":1,"minecraft:bowl":1,"minecraft:birch_sapling":3,"minecraft:rotten_flesh":7,"minecraft:clay_ball":56,"minecraft:oak_planks":8,"minecraft:cooked_mutton":1,"minecraft:andesite":4,"minecraft:oak_sapling":4,"minecraft:black_wool":2},"minecraft:mined":{"minecraft:mossy_cobblestone":2,"minecraft:dark_oak_leaves":1,"minecraft:stripped_birch_log":1,"minecraft:hay_block":151,"minecraft:furnace":4,"minecraft:carrots":8,"minecraft:iron_ore":14,"minecraft:andesite":3,"minecraft:potatoes":5,"minecraft:deepslate_iron_ore":5,"minecraft:stripped_oak_log":1,"minecraft:stone":637,"minecraft:potted_allium":2,"minecraft:smithing_table":1,"minecraft:red_wool":1,"minecraft:blackstone":36,"minecraft:clay":418,"minecraft:crafting_table":2,"minecraft:torch":1,"minecraft:short_grass":24,"minecraft:oak_wood":2,"minecraft:chest":2,"minecraft:copper_ore":4,"minecraft:tall_grass":1,"minecraft:cobblestone":24,"minecraft:birch_wood":8,"minecraft:wall_torch":2,"minecraft:birch_planks":3,"minecraft:birch_log":33,"minecraft:sweet_berry_bush":2,"minecraft:wheat":195,"minecraft:birch_leaves":1,"minecraft:birch_door":1,"minecraft:black_bed":2,"minecraft:yellow_bed":5,"minecraft:black_wool":4,"minecraft:coal_ore":158,"minecraft:sunflower":4,"minecraft:dirt":5,"minecraft:acacia_planks":1,"minecraft:deepslate":42},"minecraft:picked_up":{"minecraft:wooden_axe":3,"minecraft:crafting_table":4,"minecraft:birch_door":1,"minecraft:wheat":217,"minecraft:allium":2,"minecraft:flower_pot":2,"minecraft:ladder":1,"minecraft:clay_ball":1720,"minecraft:smithing_table":1,"minecraft:wooden_pickaxe":2,"minecraft:stone_brick_stairs":1,"minecraft:polished_deepslate":2,"minecraft:raw_copper":15,"minecraft:iron_shovel":1,"minecraft:blackstone":36,"minecraft:cobbled_deepslate":42,"minecraft:iron_pickaxe":2,"minecraft:chest":3,"minecraft:birch_sapling":5,"minecraft:egg":6,"minecraft:furnace":4,"minecraft:stick":26,"minecraft:raw_iron":19,"minecraft:torch":54,"minecraft:bowl":2,"minecraft:carrot":19,"minecraft:stone_sword":1,"minecraft:arrow":1,"minecraft:rotten_flesh":18,"minecraft:hay_block":151,"minecraft:white_wool":1,"minecraft:cobblestone":686,"minecraft:stripped_oak_log":1,"minecraft:birch_log":33,"minecraft:andesite":5,"minecraft:black_bed":2,"minecraft:potato":21,"minecraft:birch_planks":32,"minecraft:yellow_bed":3,"minecraft:dirt":8,"minecraft:stripped_birch_log":3,"minecraft:cooked_mutton":1,"minecraft:bone":2,"minecraft:acacia_planks":4,"minecraft:wheat_seeds":568,"minecraft:birch_wood":8,"minecraft:iron_ingot":5,"minecraft:sweet_berries":9,"minecraft:red_wool":1,"minecraft:birch_stairs":1,"minecraft:mossy_cobblestone":2,"minecraft:oak_wood":2,"minecraft:writable_book":2,"minecraft:iron_helmet":1,"minecraft:bone_meal":13,"minecraft:bread":42,"minecraft:emerald":15,"minecraft:oak_sapling":4,"minecraft:black_wool":6,"minecraft:coal":161,"minecraft:sunflower":4},"minecraft:crafted":{"minecraft:oak_planks":8,"minecraft:stone_shovel":3,"minecraft:furnace":1,"minecraft:cooked_mutton":2,"minecraft:birch_door":3,"minecraft:wheat":1152,"minecraft:emerald":15,"minecraft:crafting_table":3,"minecraft:wooden_pickaxe":2,"minecraft:birch_planks":104,"minecraft:stone_axe":1,"minecraft:bread":347,"minecraft:stick":16,"minecraft:iron_ingot":19,"minecraft:iron_pickaxe":3,"minecraft:wooden_axe":2,"minecraft:stone_sword":1,"minecraft:black_bed":1,"minecraft:torch":56},"minecraft:used":{"minecraft:writable_book":4,"minecraft:stone_sword":25,"minecraft:stone_shovel":393,"minecraft:ladder":1,"minecraft:chest":1,"minecraft:torch":20,"minecraft:carrot":7,"minecraft:birch_door":4,"minecraft:wooden_axe":59,"minecraft:red_wool":1,"minecraft:iron_helmet":2,"minecraft:hay_block":26,"minecraft:sweet_berries":4,"minecraft:furnace":5,"minecraft:potato":9,"minecraft:wheat_seeds":381,"minecraft:cooked_mutton":2,"minecraft:birch_planks":15,"minecraft:wooden_pickaxe":60,"minecraft:mossy_cobblestone":2,"minecraft:crafting_table":5,"minecraft:black_bed":3,"minecraft:flower_pot":2,"minecraft:apple":4,"minecraft:sunflower":4,"minecraft:bread":21,"minecraft:iron_pickaxe":889,"minecraft:stone_axe":19,"minecraft:cobblestone":53,"minecraft:smithing_table":1,"minecraft:birch_log":4,"minecraft:yellow_bed":4},"minecraft:broken":{"minecraft:wooden_pickaxe":1,"minecraft:iron_pickaxe":4,"minecraft:wooden_axe":1,"minecraft:stone_shovel":3},"minecraft:killed":{"minecraft:spider":1,"minecraft:skeleton":1,"minecraft:zombie":6},"minecraft:custom":{"minecraft:interact_with_smithing_table":1,"minecraft:mob_kills":9,"minecraft:interact_with_crafting_table":28,"minecraft:open_barrel":33,"minecraft:bell_ring":1,"minecraft:leave_game":1,"minecraft:time_since_death":23844,"minecraft:climb_one_cm":2495,"minecraft:sprint_one_cm":240652,"minecraft:walk_one_cm":508032,"minecraft:drop":35,"minecraft:talked_to_villager":11,"minecraft:play_time":194046,"minecraft:deaths":7,"minecraft:sneak_time":195,"minecraft:interact_with_lectern":4,"minecraft:jump":2225,"minecraft:walk_on_water_one_cm":5099,"minecraft:total_world_time":194046,"minecraft:interact_with_furnace":9,"minecraft:traded_with_villager":15,"minecraft:interact_with_cartography_table":1,"minecraft:interact_with_loom":1,"minecraft:pot_flower":2,"minecraft:interact_with_stonecutter":1,"minecraft:interact_with_grindstone":1,"minecraft:sleep_in_bed":5,"minecraft:time_since_rest":23876,"minecraft:damage_taken":2474,"minecraft:damage_dealt":2858,"minecraft:fly_one_cm":227532,"minecraft:player_kills":4,"minecraft:open_chest":68,"minecraft:crouch_one_cm":123,"minecraft:interact_with_smoker":2,"minecraft:fall_one_cm":26218}},"DataVersion":3953}