{"stats":{"minecraft:killed_by":{"minecraft:player":2,"minecraft:zombie":2},"minecraft:dropped":{"minecraft:bread":186,"minecraft:sweet_berries":1,"minecraft:birch_planks":59,"minecraft:bowl":1,"minecraft:birch_sapling":3,"minecraft:cobblestone":30,"minecraft:rotten_flesh":7,"minecraft:clay_ball":56,"minecraft:oak_planks":8,"minecraft:cooked_mutton":1,"minecraft:coal":12,"minecraft:stick":14,"minecraft:dirt":3,"minecraft:andesite":4,"minecraft:wooden_axe":1,"minecraft:oak_sapling":4,"minecraft:writable_book":1,"minecraft:iron_shovel":1,"minecraft:birch_stairs":1,"minecraft:black_wool":2,"minecraft:polished_deepslate":2},"minecraft:mined":{"minecraft:red_wool":1,"minecraft:mossy_cobblestone":2,"minecraft:dark_oak_leaves":1,"minecraft:stripped_birch_log":1,"minecraft:clay":23,"minecraft:crafting_table":2,"minecraft:short_grass":24,"minecraft:oak_wood":2,"minecraft:chest":2,"minecraft:cobblestone":21,"minecraft:birch_wood":8,"minecraft:tall_grass":1,"minecraft:wall_torch":1,"minecraft:hay_block":151,"minecraft:birch_planks":3,"minecraft:furnace":4,"minecraft:carrots":8,"minecraft:iron_ore":10,"minecraft:birch_log":15,"minecraft:wheat":195,"minecraft:sweet_berry_bush":2,"minecraft:andesite":3,"minecraft:birch_door":1,"minecraft:black_bed":2,"minecraft:yellow_bed":5,"minecraft:black_wool":4,"minecraft:coal_ore":107,"minecraft:potatoes":5,"minecraft:sunflower":4,"minecraft:dirt":5,"minecraft:stripped_oak_log":1,"minecraft:acacia_planks":1,"minecraft:stone":270,"minecraft:smithing_table":1,"minecraft:potted_allium":2},"minecraft:picked_up":{"minecraft:wooden_axe":3,"minecraft:stripped_oak_log":1,"minecraft:birch_log":15,"minecraft:birch_door":1,"minecraft:crafting_table":4,"minecraft:allium":2,"minecraft:wheat":217,"minecraft:clay_ball":56,"minecraft:ladder":1,"minecraft:flower_pot":2,"minecraft:andesite":5,"minecraft:black_bed":2,"minecraft:smithing_table":1,"minecraft:wooden_pickaxe":2,"minecraft:potato":21,"minecraft:birch_planks":32,"minecraft:stone_brick_stairs":1,"minecraft:yellow_bed":3,"minecraft:polished_deepslate":2,"minecraft:stripped_birch_log":3,"minecraft:dirt":8,"minecraft:cooked_mutton":1,"minecraft:iron_shovel":1,"minecraft:acacia_planks":4,"minecraft:wheat_seeds":568,"minecraft:iron_ingot":5,"minecraft:birch_wood":8,"minecraft:iron_pickaxe":1,"minecraft:chest":3,"minecraft:birch_sapling":4,"minecraft:furnace":4,"minecraft:egg":6,"minecraft:raw_iron":10,"minecraft:stick":25,"minecraft:sweet_berries":9,"minecraft:torch":1,"minecraft:red_wool":1,"minecraft:bowl":2,"minecraft:birch_stairs":1,"minecraft:carrot":19,"minecraft:mossy_cobblestone":2,"minecraft:oak_wood":2,"minecraft:rotten_flesh":16,"minecraft:writable_book":2,"minecraft:hay_block":151,"minecraft:bone_meal":13,"minecraft:emerald":15,"minecraft:bread":42,"minecraft:oak_sapling":4,"minecraft:black_wool":6,"minecraft:cobblestone":295,"minecraft:coal":110,"minecraft:white_wool":1,"minecraft:sunflower":4},"minecraft:crafted":{"minecraft:stone_shovel":1,"minecraft:oak_planks":8,"minecraft:emerald":15,"minecraft:crafting_table":3,"minecraft:wooden_pickaxe":2,"minecraft:birch_planks":104,"minecraft:cooked_mutton":2,"minecraft:bread":281,"minecraft:stick":8,"minecraft:wooden_axe":2,"minecraft:stone_sword":1,"minecraft:black_bed":1,"minecraft:birch_door":3,"minecraft:torch":56,"minecraft:wheat":954},"minecraft:used":{"minecraft:cooked_mutton":1,"minecraft:wheat_seeds":381,"minecraft:writable_book":4,"minecraft:birch_planks":15,"minecraft:ladder":1,"minecraft:chest":1,"minecraft:wooden_pickaxe":60,"minecraft:torch":3,"minecraft:mossy_cobblestone":2,"minecraft:crafting_table":5,"minecraft:carrot":7,"minecraft:black_bed":3,"minecraft:birch_door":4,"minecraft:wooden_axe":59,"minecraft:flower_pot":2,"minecraft:sunflower":4,"minecraft:red_wool":1,"minecraft:bread":15,"minecraft:iron_pickaxe":376,"minecraft:iron_helmet":1,"minecraft:cobblestone":35,"minecraft:hay_block":26,"minecraft:sweet_berries":4,"minecraft:furnace":4,"minecraft:smithing_table":1,"minecraft:yellow_bed":4,"minecraft:potato":9},"minecraft:broken":{"minecraft:iron_pickaxe":1,"minecraft:wooden_axe":1,"minecraft:wooden_pickaxe":1},"minecraft:killed":{"minecraft:zombie":3},"minecraft:custom":{"minecraft:mob_kills":4,"minecraft:traded_with_villager":15,"minecraft:interact_with_crafting_table":20,"minecraft:interact_with_cartography_table":1,"minecraft:open_barrel":33,"minecraft:interact_with_loom":1,"minecraft:bell_ring":1,"minecraft:pot_flower":2,"minecraft:interact_with_grindstone":1,"minecraft:time_since_death":58220,"minecraft:sleep_in_bed":5,"minecraft:climb_one_cm":2495,"minecraft:time_since_rest":33173,"minecraft:sprint_one_cm":181396,"minecraft:walk_one_cm":411980,"minecraft:damage_taken":1849,"minecraft:drop":33,"minecraft:damage_dealt":1879,"minecraft:talked_to_villager":11,"minecraft:fly_one_cm":217850,"minecraft:player_kills":4,"minecraft:open_chest":43,"minecraft:crouch_one_cm":38,"minecraft:play_time":150111,"minecraft:deaths":6,"minecraft:sneak_time":164,"minecraft:interact_with_lectern":4,"minecraft:jump":1515,"minecraft:walk_on_water_one_cm":5099,"minecraft:total_world_time":150111,"minecraft:interact_with_smoker":2,"minecraft:interact_with_smithing_table":1,"minecraft:fall_one_cm":24153}},"DataVersion":3953}