{"stats":{"minecraft:mined":{"minecraft:short_grass":2,"minecraft:hay_block":10,"minecraft:tall_grass":1,"minecraft:wheat":37},"minecraft:picked_up":{"minecraft:hay_block":10,"minecraft:wheat":37,"minecraft:wheat_seeds":102},"minecraft:custom":{"minecraft:jump":77,"minecraft:time_since_rest":6111,"minecraft:sprint_one_cm":9350,"minecraft:play_time":6111,"minecraft:time_since_death":6111,"minecraft:walk_one_cm":12622,"minecraft:total_world_time":6111,"minecraft:fall_one_cm":1521,"minecraft:fly_one_cm":20785}},"DataVersion":3953}