{"stats":{"minecraft:killed_by":{"minecraft:player":2,"minecraft:zombie":1},"minecraft:dropped":{"minecraft:bread":30,"minecraft:wooden_axe":1,"minecraft:writable_book":1},"minecraft:mined":{"minecraft:hay_block":42,"minecraft:dark_oak_leaves":1,"minecraft:birch_log":3,"minecraft:wheat":66,"minecraft:andesite":1,"minecraft:crafting_table":2,"minecraft:black_wool":2,"minecraft:short_grass":15,"minecraft:chest":1,"minecraft:stripped_oak_log":1,"minecraft:sunflower":2,"minecraft:dirt":4,"minecraft:tall_grass":1,"minecraft:birch_wood":8,"minecraft:acacia_planks":1,"minecraft:potted_allium":2},"minecraft:picked_up":{"minecraft:stripped_oak_log":1,"minecraft:birch_log":3,"minecraft:stick":11,"minecraft:crafting_table":4,"minecraft:wheat":90,"minecraft:flower_pot":2,"minecraft:andesite":1,"minecraft:stone_brick_stairs":1,"minecraft:dirt":4,"minecraft:rotten_flesh":2,"minecraft:acacia_planks":4,"minecraft:wheat_seeds":182,"minecraft:writable_book":2,"minecraft:birch_wood":8,"minecraft:hay_block":42,"minecraft:bread":19,"minecraft:black_wool":1,"minecraft:chest":2,"minecraft:wooden_axe":1,"minecraft:allium":2,"minecraft:white_wool":1,"minecraft:sunflower":2},"minecraft:crafted":{"minecraft:crafting_table":2,"minecraft:stick":8,"minecraft:wooden_pickaxe":2,"minecraft:wooden_axe":2,"minecraft:birch_planks":44,"minecraft:bread":71,"minecraft:wheat":153},"minecraft:used":{"minecraft:wheat_seeds":30,"minecraft:wooden_axe":25,"minecraft:flower_pot":2,"minecraft:writable_book":4,"minecraft:sunflower":2,"minecraft:birch_planks":6,"minecraft:bread":8,"minecraft:wooden_pickaxe":1,"minecraft:hay_block":25,"minecraft:crafting_table":4},"minecraft:killed":{"minecraft:zombie":1},"minecraft:custom":{"minecraft:time_since_rest":4623,"minecraft:sprint_one_cm":73460,"minecraft:damage_taken":1260,"minecraft:walk_one_cm":123863,"minecraft:mob_kills":2,"minecraft:drop":4,"minecraft:damage_dealt":1248,"minecraft:interact_with_cartography_table":1,"minecraft:talked_to_villager":1,"minecraft:interact_with_crafting_table":9,"minecraft:fly_one_cm":125520,"minecraft:player_kills":4,"minecraft:open_barrel":11,"minecraft:open_chest":9,"minecraft:crouch_one_cm":38,"minecraft:interact_with_loom":1,"minecraft:play_time":42111,"minecraft:deaths":5,"minecraft:sneak_time":164,"minecraft:pot_flower":2,"minecraft:interact_with_lectern":4,"minecraft:jump":713,"minecraft:walk_on_water_one_cm":135,"minecraft:time_since_death":4592,"minecraft:interact_with_smoker":1,"minecraft:climb_one_cm":1660,"minecraft:total_world_time":42111,"minecraft:fall_one_cm":10535}},"DataVersion":3953}