{"stats":{"minecraft:killed_by":{"minecraft:player":2,"minecraft:zombie":1},"minecraft:dropped":{"minecraft:bread":176,"minecraft:wooden_axe":1,"minecraft:writable_book":1},"minecraft:mined":{"minecraft:red_wool":1,"minecraft:dark_oak_leaves":1,"minecraft:crafting_table":2,"minecraft:short_grass":22,"minecraft:chest":1,"minecraft:birch_wood":8,"minecraft:tall_grass":1,"minecraft:hay_block":106,"minecraft:birch_planks":1,"minecraft:carrots":2,"minecraft:birch_log":5,"minecraft:wheat":170,"minecraft:sweet_berry_bush":2,"minecraft:andesite":1,"minecraft:yellow_bed":2,"minecraft:black_wool":4,"minecraft:potatoes":1,"minecraft:sunflower":4,"minecraft:dirt":4,"minecraft:stripped_oak_log":1,"minecraft:acacia_planks":1,"minecraft:potted_allium":2},"minecraft:picked_up":{"minecraft:wooden_axe":2,"minecraft:stripped_oak_log":1,"minecraft:birch_log":5,"minecraft:crafting_table":4,"minecraft:allium":2,"minecraft:wheat":190,"minecraft:ladder":1,"minecraft:flower_pot":2,"minecraft:andesite":1,"minecraft:wooden_pickaxe":1,"minecraft:potato":3,"minecraft:birch_planks":15,"minecraft:stone_brick_stairs":1,"minecraft:yellow_bed":1,"minecraft:stripped_birch_log":1,"minecraft:dirt":4,"minecraft:acacia_planks":4,"minecraft:wheat_seeds":504,"minecraft:birch_wood":8,"minecraft:chest":2,"minecraft:egg":1,"minecraft:stick":11,"minecraft:sweet_berries":4,"minecraft:red_wool":1,"minecraft:bowl":1,"minecraft:carrot":4,"minecraft:rotten_flesh":7,"minecraft:writable_book":2,"minecraft:hay_block":106,"minecraft:bone_meal":13,"minecraft:bread":39,"minecraft:black_wool":4,"minecraft:white_wool":1,"minecraft:sunflower":4},"minecraft:crafted":{"minecraft:crafting_table":3,"minecraft:wooden_pickaxe":2,"minecraft:birch_planks":44,"minecraft:cooked_mutton":2,"minecraft:bread":263,"minecraft:stick":8,"minecraft:wooden_axe":2,"minecraft:black_bed":1,"minecraft:wheat":720},"minecraft:used":{"minecraft:cooked_mutton":1,"minecraft:wheat_seeds":360,"minecraft:writable_book":4,"minecraft:birch_planks":11,"minecraft:ladder":1,"minecraft:wooden_pickaxe":1,"minecraft:crafting_table":5,"minecraft:carrot":1,"minecraft:black_bed":1,"minecraft:wooden_axe":38,"minecraft:flower_pot":2,"minecraft:sunflower":4,"minecraft:red_wool":1,"minecraft:bread":12,"minecraft:hay_block":25,"minecraft:yellow_bed":1,"minecraft:potato":2},"minecraft:killed":{"minecraft:zombie":3},"minecraft:custom":{"minecraft:mob_kills":4,"minecraft:interact_with_crafting_table":13,"minecraft:interact_with_cartography_table":1,"minecraft:open_barrel":18,"minecraft:interact_with_loom":1,"minecraft:bell_ring":1,"minecraft:pot_flower":2,"minecraft:interact_with_grindstone":1,"minecraft:time_since_death":40592,"minecraft:sleep_in_bed":3,"minecraft:climb_one_cm":2132,"minecraft:time_since_rest":9705,"minecraft:sprint_one_cm":109981,"minecraft:walk_one_cm":244587,"minecraft:damage_taken":1490,"minecraft:drop":7,"minecraft:damage_dealt":1647,"minecraft:talked_to_villager":2,"minecraft:fly_one_cm":150942,"minecraft:player_kills":4,"minecraft:open_chest":18,"minecraft:crouch_one_cm":38,"minecraft:play_time":78111,"minecraft:deaths":5,"minecraft:sneak_time":164,"minecraft:interact_with_lectern":4,"minecraft:jump":1019,"minecraft:walk_on_water_one_cm":5099,"minecraft:total_world_time":78111,"minecraft:interact_with_smoker":2,"minecraft:fall_one_cm":15555}},"DataVersion":3953}