{"stats":{"minecraft:dropped":{"minecraft:bread":30},"minecraft:mined":{"minecraft:hay_block":35,"minecraft:short_grass":5,"minecraft:sunflower":2,"minecraft:dark_oak_leaves":1,"minecraft:wheat":42,"minecraft:tall_grass":1,"minecraft:birch_wood":2},"minecraft:picked_up":{"minecraft:wheat":43,"minecraft:wheat_seeds":117,"minecraft:writable_book":1,"minecraft:birch_wood":2,"minecraft:hay_block":35,"minecraft:bread":18,"minecraft:sunflower":2},"minecraft:crafted":{"minecraft:birch_planks":8,"minecraft:crafting_table":1,"minecraft:stick":4,"minecraft:bread":42,"minecraft:wheat":90},"minecraft:used":{"minecraft:wheat_seeds":10,"minecraft:writable_book":2,"minecraft:hay_block":25,"minecraft:crafting_table":1,"minecraft:bread":2},"minecraft:custom":{"minecraft:time_since_rest":18111,"minecraft:play_time":18111,"minecraft:sprint_one_cm":17207,"minecraft:damage_taken":233,"minecraft:walk_one_cm":48981,"minecraft:drop":2,"minecraft:interact_with_lectern":4,"minecraft:jump":270,"minecraft:damage_dealt":76,"minecraft:time_since_death":18111,"minecraft:total_world_time":18111,"minecraft:interact_with_crafting_table":3,"minecraft:fall_one_cm":3671,"minecraft:fly_one_cm":32605,"minecraft:player_kills":1}},"DataVersion":3953}