{"stats":{"minecraft:dropped":{"minecraft:bread":30},"minecraft:mined":{"minecraft:hay_block":42,"minecraft:dark_oak_leaves":1,"minecraft:birch_log":1,"minecraft:wheat":63,"minecraft:andesite":1,"minecraft:crafting_table":2,"minecraft:short_grass":13,"minecraft:chest":1,"minecraft:stripped_oak_log":1,"minecraft:sunflower":2,"minecraft:dirt":4,"minecraft:tall_grass":1,"minecraft:birch_wood":8,"minecraft:acacia_planks":1,"minecraft:potted_allium":1},"minecraft:picked_up":{"minecraft:stripped_oak_log":1,"minecraft:birch_log":1,"minecraft:stick":11,"minecraft:crafting_table":4,"minecraft:wheat":85,"minecraft:flower_pot":1,"minecraft:andesite":1,"minecraft:stone_brick_stairs":1,"minecraft:dirt":4,"minecraft:acacia_planks":4,"minecraft:wheat_seeds":167,"minecraft:writable_book":1,"minecraft:birch_wood":8,"minecraft:hay_block":42,"minecraft:bread":18,"minecraft:chest":2,"minecraft:allium":1,"minecraft:white_wool":1,"minecraft:sunflower":2},"minecraft:crafted":{"minecraft:crafting_table":2,"minecraft:stick":4,"minecraft:wooden_pickaxe":1,"minecraft:wooden_axe":1,"minecraft:birch_planks":36,"minecraft:bread":42,"minecraft:wheat":90},"minecraft:used":{"minecraft:wheat_seeds":23,"minecraft:wooden_axe":14,"minecraft:flower_pot":1,"minecraft:writable_book":2,"minecraft:sunflower":2,"minecraft:birch_planks":4,"minecraft:bread":4,"minecraft:wooden_pickaxe":1,"minecraft:hay_block":25,"minecraft:crafting_table":3},"minecraft:killed":{"minecraft:zombie":1},"minecraft:custom":{"minecraft:time_since_rest":8375,"minecraft:sprint_one_cm":57450,"minecraft:damage_taken":457,"minecraft:walk_one_cm":86141,"minecraft:mob_kills":2,"minecraft:drop":2,"minecraft:damage_dealt":467,"minecraft:interact_with_crafting_table":5,"minecraft:fly_one_cm":109422,"minecraft:player_kills":2,"minecraft:play_time":30111,"minecraft:deaths":2,"minecraft:pot_flower":1,"minecraft:interact_with_lectern":4,"minecraft:jump":559,"minecraft:time_since_death":8341,"minecraft:total_world_time":30111,"minecraft:fall_one_cm":8178}},"DataVersion":3953}