{"stats":{"minecraft:killed_by":{"minecraft:player":2,"minecraft:zombie":1},"minecraft:dropped":{"minecraft:bread":48,"minecraft:wooden_axe":1,"minecraft:writable_book":1},"minecraft:mined":{"minecraft:red_wool":1,"minecraft:dark_oak_leaves":1,"minecraft:crafting_table":2,"minecraft:short_grass":22,"minecraft:chest":1,"minecraft:birch_wood":8,"minecraft:tall_grass":1,"minecraft:hay_block":105,"minecraft:birch_log":3,"minecraft:wheat":115,"minecraft:andesite":1,"minecraft:black_wool":4,"minecraft:sunflower":4,"minecraft:dirt":4,"minecraft:stripped_oak_log":1,"minecraft:acacia_planks":1,"minecraft:potted_allium":2},"minecraft:picked_up":{"minecraft:wooden_axe":2,"minecraft:stripped_oak_log":1,"minecraft:birch_log":3,"minecraft:crafting_table":4,"minecraft:allium":2,"minecraft:wheat":137,"minecraft:flower_pot":2,"minecraft:andesite":1,"minecraft:wooden_pickaxe":1,"minecraft:birch_planks":14,"minecraft:stone_brick_stairs":1,"minecraft:dirt":4,"minecraft:acacia_planks":4,"minecraft:wheat_seeds":353,"minecraft:birch_wood":8,"minecraft:chest":2,"minecraft:egg":1,"minecraft:stick":11,"minecraft:red_wool":1,"minecraft:bowl":1,"minecraft:rotten_flesh":7,"minecraft:writable_book":2,"minecraft:hay_block":105,"minecraft:bread":39,"minecraft:black_wool":4,"minecraft:white_wool":1,"minecraft:sunflower":4},"minecraft:crafted":{"minecraft:crafting_table":3,"minecraft:wooden_pickaxe":2,"minecraft:birch_planks":44,"minecraft:bread":135,"minecraft:stick":8,"minecraft:wooden_axe":2,"minecraft:black_bed":1,"minecraft:wheat":477},"minecraft:used":{"minecraft:wheat_seeds":30,"minecraft:writable_book":4,"minecraft:birch_planks":6,"minecraft:wooden_pickaxe":1,"minecraft:crafting_table":5,"minecraft:black_bed":1,"minecraft:wooden_axe":32,"minecraft:flower_pot":2,"minecraft:sunflower":4,"minecraft:red_wool":1,"minecraft:bread":11,"minecraft:hay_block":25},"minecraft:killed":{"minecraft:zombie":3},"minecraft:custom":{"minecraft:mob_kills":4,"minecraft:interact_with_crafting_table":13,"minecraft:interact_with_cartography_table":1,"minecraft:open_barrel":11,"minecraft:interact_with_loom":1,"minecraft:pot_flower":2,"minecraft:time_since_death":16592,"minecraft:sleep_in_bed":1,"minecraft:climb_one_cm":1692,"minecraft:time_since_rest":4957,"minecraft:sprint_one_cm":83493,"minecraft:walk_one_cm":172946,"minecraft:damage_taken":1480,"minecraft:drop":5,"minecraft:damage_dealt":1647,"minecraft:talked_to_villager":2,"minecraft:fly_one_cm":134717,"minecraft:player_kills":4,"minecraft:open_chest":11,"minecraft:crouch_one_cm":38,"minecraft:play_time":54111,"minecraft:deaths":5,"minecraft:sneak_time":164,"minecraft:interact_with_lectern":4,"minecraft:jump":878,"minecraft:walk_on_water_one_cm":5058,"minecraft:total_world_time":54111,"minecraft:interact_with_smoker":1,"minecraft:fall_one_cm":13554}},"DataVersion":3953}