{"stats":{"minecraft:mined":{"minecraft:short_grass":3,"minecraft:oak_wood":3,"minecraft:sunflower":2},"minecraft:picked_up":{"minecraft:oak_wood":3,"minecraft:sunflower":2},"minecraft:custom":{"minecraft:jump":53,"minecraft:time_since_rest":3853,"minecraft:leave_game":1,"minecraft:damage_dealt":24,"minecraft:crouch_one_cm":3786,"minecraft:sprint_one_cm":28920,"minecraft:play_time":3853,"minecraft:damage_taken":15,"minecraft:time_since_death":3853,"minecraft:walk_one_cm":14275,"minecraft:sneak_time":831,"minecraft:total_world_time":3853,"minecraft:interact_with_crafting_table":8,"minecraft:fall_one_cm":1672,"minecraft:fly_one_cm":7797}},"DataVersion":3953}