{"stats":{"minecraft:mined":{"minecraft:short_grass":3,"minecraft:oak_wood":3,"minecraft:sunflower":2},"minecraft:picked_up":{"minecraft:oak_wood":3,"minecraft:pumpkin_seeds":4,"minecraft:rotten_flesh":1,"minecraft:sunflower":2},"minecraft:custom":{"minecraft:open_chest":6,"minecraft:time_since_rest":8403,"minecraft:interact_with_smithing_table":1,"minecraft:play_time":8403,"minecraft:crouch_one_cm":3877,"minecraft:sprint_one_cm":38328,"minecraft:walk_one_cm":51243,"minecraft:damage_taken":125,"minecraft:sneak_time":950,"minecraft:interact_with_anvil":1,"minecraft:jump":97,"minecraft:damage_dealt":24,"minecraft:leave_game":2,"minecraft:time_since_death":8403,"minecraft:climb_one_cm":2128,"minecraft:total_world_time":8403,"minecraft:interact_with_crafting_table":8,"minecraft:talked_to_villager":2,"minecraft:fall_one_cm":4186,"minecraft:fly_one_cm":11686}},"DataVersion":3953}