{"stats":{"minecraft:killed_by":{"minecraft:skeleton":1,"minecraft:wolf":1},"minecraft:mined":{"minecraft:short_grass":3,"minecraft:oak_wood":3,"minecraft:sunflower":2},"minecraft:picked_up":{"minecraft:oak_wood":3,"minecraft:pumpkin_seeds":4,"minecraft:rotten_flesh":1,"minecraft:tropical_fish":3,"minecraft:sunflower":2},"minecraft:used":{"minecraft:rotten_flesh":1},"minecraft:killed":{"minecraft:tropical_fish":1},"minecraft:custom":{"minecraft:open_barrel":4,"minecraft:time_since_rest":2995,"minecraft:open_chest":6,"minecraft:interact_with_smithing_table":1,"minecraft:damage_taken":865,"minecraft:play_time":29848,"minecraft:crouch_one_cm":3877,"minecraft:sprint_one_cm":105821,"minecraft:walk_one_cm":219600,"minecraft:deaths":3,"minecraft:sneak_time":950,"minecraft:walk_under_water_one_cm":16685,"minecraft:interact_with_anvil":1,"minecraft:mob_kills":1,"minecraft:interact_with_lectern":1,"minecraft:jump":543,"minecraft:damage_dealt":74,"minecraft:leave_game":7,"minecraft:walk_on_water_one_cm":2109,"minecraft:time_since_death":2948,"minecraft:climb_one_cm":2439,"minecraft:total_world_time":29848,"minecraft:interact_with_crafting_table":8,"minecraft:swim_one_cm":72,"minecraft:talked_to_villager":2,"minecraft:fall_one_cm":10245,"minecraft:fly_one_cm":32692}},"DataVersion":3953}