{"stats":{"minecraft:mined":{"minecraft:short_grass":3,"minecraft:oak_wood":3,"minecraft:sunflower":2},"minecraft:picked_up":{"minecraft:oak_wood":3,"minecraft:pumpkin_seeds":4,"minecraft:rotten_flesh":1,"minecraft:sunflower":2},"minecraft:used":{"minecraft:rotten_flesh":1},"minecraft:custom":{"minecraft:open_barrel":3,"minecraft:time_since_rest":17739,"minecraft:open_chest":6,"minecraft:interact_with_smithing_table":1,"minecraft:play_time":17739,"minecraft:crouch_one_cm":3877,"minecraft:sprint_one_cm":50437,"minecraft:damage_taken":125,"minecraft:walk_one_cm":149759,"minecraft:sneak_time":950,"minecraft:interact_with_anvil":1,"minecraft:jump":313,"minecraft:damage_dealt":34,"minecraft:leave_game":4,"minecraft:walk_on_water_one_cm":1978,"minecraft:time_since_death":17739,"minecraft:climb_one_cm":2128,"minecraft:total_world_time":17739,"minecraft:interact_with_crafting_table":8,"minecraft:talked_to_villager":2,"minecraft:fall_one_cm":6183,"minecraft:fly_one_cm":14311}},"DataVersion":3953}