{"stats":{"minecraft:mined":{"minecraft:short_grass":3,"minecraft:oak_wood":3,"minecraft:sunflower":2},"minecraft:picked_up":{"minecraft:pumpkin_seeds":4,"minecraft:oak_wood":3,"minecraft:sunflower":2},"minecraft:custom":{"minecraft:jump":72,"minecraft:time_since_rest":4767,"minecraft:leave_game":1,"minecraft:sprint_one_cm":36326,"minecraft:damage_dealt":24,"minecraft:crouch_one_cm":3786,"minecraft:play_time":4767,"minecraft:damage_taken":15,"minecraft:time_since_death":4767,"minecraft:walk_one_cm":18729,"minecraft:sneak_time":831,"minecraft:total_world_time":4767,"minecraft:interact_with_crafting_table":8,"minecraft:fall_one_cm":2090,"minecraft:fly_one_cm":11308}},"DataVersion":3953}