{"stats":{"minecraft:killed_by":{"minecraft:wolf":1},"minecraft:mined":{"minecraft:short_grass":3,"minecraft:oak_wood":3,"minecraft:sunflower":2},"minecraft:picked_up":{"minecraft:oak_wood":3,"minecraft:pumpkin_seeds":4,"minecraft:rotten_flesh":1,"minecraft:sunflower":2},"minecraft:used":{"minecraft:rotten_flesh":1},"minecraft:custom":{"minecraft:open_barrel":3,"minecraft:time_since_rest":1789,"minecraft:open_chest":6,"minecraft:interact_with_smithing_table":1,"minecraft:deaths":1,"minecraft:play_time":22788,"minecraft:crouch_one_cm":3877,"minecraft:sprint_one_cm":64047,"minecraft:damage_taken":245,"minecraft:walk_one_cm":191720,"minecraft:sneak_time":950,"minecraft:interact_with_anvil":1,"minecraft:interact_with_lectern":1,"minecraft:jump":394,"minecraft:damage_dealt":44,"minecraft:leave_game":5,"minecraft:walk_on_water_one_cm":1978,"minecraft:time_since_death":1720,"minecraft:climb_one_cm":2439,"minecraft:total_world_time":22788,"minecraft:interact_with_crafting_table":8,"minecraft:talked_to_villager":2,"minecraft:fall_one_cm":6930,"minecraft:fly_one_cm":17584}},"DataVersion":3953}