{"stats":{"minecraft:killed_by":{"minecraft:wolf":1},"minecraft:mined":{"minecraft:short_grass":3,"minecraft:oak_wood":3,"minecraft:sunflower":2},"minecraft:picked_up":{"minecraft:oak_wood":3,"minecraft:pumpkin_seeds":4,"minecraft:rotten_flesh":1,"minecraft:tropical_fish":3,"minecraft:sunflower":2},"minecraft:used":{"minecraft:rotten_flesh":1},"minecraft:killed":{"minecraft:tropical_fish":1},"minecraft:custom":{"minecraft:open_barrel":3,"minecraft:open_chest":6,"minecraft:time_since_rest":120,"minecraft:interact_with_smithing_table":1,"minecraft:damage_taken":465,"minecraft:play_time":25140,"minecraft:crouch_one_cm":3877,"minecraft:sprint_one_cm":64047,"minecraft:walk_one_cm":198578,"minecraft:deaths":2,"minecraft:sneak_time":950,"minecraft:walk_under_water_one_cm":16685,"minecraft:mob_kills":1,"minecraft:interact_with_anvil":1,"minecraft:interact_with_lectern":1,"minecraft:jump":402,"minecraft:damage_dealt":74,"minecraft:leave_game":6,"minecraft:walk_on_water_one_cm":2109,"minecraft:time_since_death":0,"minecraft:total_world_time":25140,"minecraft:climb_one_cm":2439,"minecraft:swim_one_cm":72,"minecraft:interact_with_crafting_table":8,"minecraft:talked_to_villager":2,"minecraft:fall_one_cm":6930,"minecraft:fly_one_cm":17584}},"DataVersion":3953}