{"stats":{"minecraft:mined":{"minecraft:short_grass":3,"minecraft:oak_wood":3,"minecraft:sunflower":2},"minecraft:picked_up":{"minecraft:oak_wood":3,"minecraft:pumpkin_seeds":4,"minecraft:rotten_flesh":1,"minecraft:sunflower":2},"minecraft:custom":{"minecraft:time_since_rest":11669,"minecraft:open_chest":6,"minecraft:interact_with_smithing_table":1,"minecraft:play_time":11669,"minecraft:crouch_one_cm":3877,"minecraft:sprint_one_cm":50437,"minecraft:damage_taken":125,"minecraft:walk_one_cm":84987,"minecraft:sneak_time":950,"minecraft:interact_with_anvil":1,"minecraft:jump":158,"minecraft:damage_dealt":34,"minecraft:leave_game":2,"minecraft:walk_on_water_one_cm":1978,"minecraft:time_since_death":11669,"minecraft:climb_one_cm":2128,"minecraft:total_world_time":11669,"minecraft:talked_to_villager":2,"minecraft:interact_with_crafting_table":8,"minecraft:fall_one_cm":5974,"minecraft:fly_one_cm":14023}},"DataVersion":3953}