{"stats":{"minecraft:mined":{"minecraft:short_grass":2,"minecraft:chest":1,"minecraft:white_stained_glass_pane":2,"minecraft:tall_grass":1,"minecraft:torch":4},"minecraft:picked_up":{"minecraft:birch_log":3,"minecraft:stick":9,"minecraft:torch":4,"minecraft:wooden_pickaxe":1,"minecraft:acacia_log":1,"minecraft:bread":4,"minecraft:chest":1},"minecraft:used":{"minecraft:wooden_axe":8},"minecraft:custom":{"minecraft:time_since_rest":2245,"minecraft:open_chest":1,"minecraft:play_time":2245,"minecraft:sprint_one_cm":12028,"minecraft:damage_taken":30,"minecraft:walk_one_cm":4769,"minecraft:walk_under_water_one_cm":4808,"minecraft:jump":86,"minecraft:leave_game":1,"minecraft:time_since_death":2245,"minecraft:walk_on_water_one_cm":51,"minecraft:total_world_time":2245,"minecraft:fall_one_cm":2508,"minecraft:fly_one_cm":24375}},"DataVersion":3953}