{"stats":{"minecraft:killed_by":{"minecraft:husk":1,"minecraft:player":1,"minecraft:zombie":1},"minecraft:dropped":{"minecraft:bread":1,"minecraft:wooden_axe":1},"minecraft:mined":{"minecraft:dark_oak_leaves":1,"minecraft:wheat":10,"minecraft:andesite":1,"minecraft:crafting_table":1,"minecraft:stone_brick_stairs":1,"minecraft:torch":4,"minecraft:chiseled_tuff":1,"minecraft:polished_deepslate":1,"minecraft:short_grass":8,"minecraft:grass_block":1,"minecraft:oak_stairs":1,"minecraft:chest":1,"minecraft:white_stained_glass_pane":4,"minecraft:sunflower":2,"minecraft:dirt":4,"minecraft:tall_grass":4,"minecraft:azalea_leaves":5,"minecraft:acacia_planks":1,"minecraft:oak_planks":2},"minecraft:picked_up":{"minecraft:wooden_axe":4,"minecraft:stripped_oak_log":2,"minecraft:birch_log":6,"minecraft:stick":42,"minecraft:wheat":46,"minecraft:andesite":4,"minecraft:torch":16,"minecraft:acacia_log":1,"minecraft:wooden_pickaxe":6,"minecraft:oak_stairs":3,"minecraft:stone_brick_stairs":4,"minecraft:polished_deepslate":2,"minecraft:dirt":13,"minecraft:arrow":2,"minecraft:bone":2,"minecraft:rotten_flesh":6,"minecraft:acacia_planks":4,"minecraft:wheat_seeds":292,"minecraft:chiseled_tuff":2,"minecraft:bread":48,"minecraft:chest":3,"minecraft:mutton":4,"minecraft:oak_planks":4,"minecraft:white_wool":4,"minecraft:sunflower":2},"minecraft:crafted":{"minecraft:acacia_planks":4},"minecraft:used":{"minecraft:wooden_axe":47,"minecraft:sunflower":1,"minecraft:oak_stairs":1,"minecraft:bread":3,"minecraft:oak_planks":2,"minecraft:chest":2,"minecraft:wooden_pickaxe":6,"minecraft:dirt":9,"minecraft:birch_log":2,"minecraft:andesite":1,"minecraft:stripped_oak_log":2,"minecraft:acacia_planks":7},"minecraft:killed":{"minecraft:sheep":1,"minecraft:husk":3,"minecraft:zombie":1},"minecraft:custom":{"minecraft:sprint_one_cm":55542,"minecraft:damage_taken":808,"minecraft:walk_one_cm":39122,"minecraft:mob_kills":6,"minecraft:drop":2,"minecraft:damage_dealt":1025,"minecraft:swim_one_cm":951,"minecraft:fly_one_cm":114662,"minecraft:open_chest":1,"minecraft:crouch_one_cm":1675,"minecraft:play_time":16152,"minecraft:sneak_time":1008,"minecraft:deaths":3,"minecraft:walk_under_water_one_cm":33524,"minecraft:jump":443,"minecraft:leave_game":2,"minecraft:walk_on_water_one_cm":278,"minecraft:time_since_death":4060,"minecraft:total_world_time":16152,"minecraft:fall_one_cm":10428,"minecraft:time_since_rest":4155}},"DataVersion":3953}