{"stat.useItem.minecraft.splash_potion":2,"stat.walkOneCm":11190,"stat.furnaceInteraction":1,"stat.useItem.srparasites.itemmobspawner_infhuman":5,"stat.mobKills":1,"stat.pickup.minecraft.cobblestone":1,"stat.useItem.minecraft.potion":2,"stat.flyOneCm":67024,"stat.drop":2,"stat.swimOneCm":2420,"stat.jump":45,"stat.playOneMinute":18795,"stat.pickup.minecraft.torch":3,"stat.useItem.srparasites.itemmobspawner_infplayerhead":2,"stat.drop.minecraft.cobblestone":1,"stat.sneakTime":755,"stat.useItem.srparasites.itemmobspawner_infhumanhead":16,"stat.damageDealt":57,"stat.crouchOneCm":385,"stat.timeSinceDeath":18795,"stat.useItem.srparasites.itemmobspawner_dorpa":4,"stat.drop.minecraft.torch":3,"stat.sprintOneCm":2975,"stat.useItem.minecraft.spawn_egg":3,"stat.useItem.minecraft.stone_slab2":14,"stat.diveOneCm":957,"stat.useItem.minecraft.water_bucket":1}