{"stats":{"minecraft:killed_by":{"minecraft:husk":1,"minecraft:player":1,"minecraft:zombie":1},"minecraft:dropped":{"minecraft:bread":1,"minecraft:wooden_axe":1},"minecraft:mined":{"minecraft:dark_oak_leaves":1,"minecraft:brown_stained_glass_pane":6,"minecraft:crafting_table":1,"minecraft:torch":4,"minecraft:short_grass":8,"minecraft:grass_block":1,"minecraft:chest":1,"minecraft:white_stained_glass_pane":4,"minecraft:tall_grass":5,"minecraft:oak_planks":2,"minecraft:wheat":15,"minecraft:andesite":1,"minecraft:stone_brick_stairs":1,"minecraft:chiseled_tuff":1,"minecraft:polished_deepslate":1,"minecraft:oak_stairs":1,"minecraft:sunflower":2,"minecraft:dirt":4,"minecraft:azalea_leaves":5,"minecraft:acacia_planks":1},"minecraft:picked_up":{"minecraft:wooden_axe":4,"minecraft:stripped_oak_log":2,"minecraft:birch_log":6,"minecraft:wheat":49,"minecraft:andesite":4,"minecraft:wooden_pickaxe":6,"minecraft:oak_stairs":3,"minecraft:stone_brick_stairs":4,"minecraft:polished_deepslate":2,"minecraft:dirt":13,"minecraft:bone":2,"minecraft:acacia_planks":4,"minecraft:wheat_seeds":296,"minecraft:chiseled_tuff":2,"minecraft:player_head":1,"minecraft:chest":3,"minecraft:oak_planks":4,"minecraft:stick":42,"minecraft:acacia_log":1,"minecraft:torch":16,"minecraft:arrow":2,"minecraft:rotten_flesh":8,"minecraft:bread":48,"minecraft:mutton":4,"minecraft:white_wool":4,"minecraft:sunflower":2},"minecraft:crafted":{"minecraft:player_head":2,"minecraft:acacia_planks":4},"minecraft:used":{"minecraft:lodestone":1,"minecraft:oak_planks":2,"minecraft:chest":2,"minecraft:wooden_pickaxe":6,"minecraft:player_head":3,"minecraft:torch":1,"minecraft:dirt":9,"minecraft:anvil":2,"minecraft:crafting_table":2,"minecraft:wooden_axe":71,"minecraft:sunflower":1,"minecraft:red_wool":2,"minecraft:oak_stairs":1,"minecraft:bread":3,"minecraft:andesite":1,"minecraft:birch_log":2,"minecraft:stripped_oak_log":2,"minecraft:coarse_dirt":14,"minecraft:acacia_planks":7},"minecraft:killed":{"minecraft:husk":3,"minecraft:spider":1,"minecraft:creeper":1,"minecraft:sheep":1,"minecraft:zombie":1,"minecraft:enderman":1},"minecraft:custom":{"minecraft:mob_kills":9,"minecraft:interact_with_anvil":3,"minecraft:interact_with_crafting_table":6,"minecraft:open_barrel":11,"minecraft:leave_game":2,"minecraft:time_since_death":16060,"minecraft:climb_one_cm":1300,"minecraft:time_since_rest":16155,"minecraft:sprint_one_cm":74327,"minecraft:damage_taken":808,"minecraft:walk_one_cm":67344,"minecraft:drop":2,"minecraft:damage_dealt":1880,"minecraft:swim_one_cm":951,"minecraft:fly_one_cm":143313,"minecraft:open_chest":9,"minecraft:crouch_one_cm":1851,"minecraft:play_time":28152,"minecraft:deaths":3,"minecraft:sneak_time":1103,"minecraft:walk_under_water_one_cm":33524,"minecraft:jump":568,"minecraft:walk_on_water_one_cm":1180,"minecraft:total_world_time":28152,"minecraft:fall_one_cm":11055}},"DataVersion":3953}