{"stat.drop.minecraft.potion":1,"stat.drop.minecraft.milk_bucket":1,"stat.useItem.minecraft.splash_potion":8,"stat.walkOneCm":18927,"stat.leaveGame":1,"stat.furnaceInteraction":3,"stat.useItem.srparasites.itemmobspawner_infhuman":7,"stat.mobKills":1,"stat.pickup.minecraft.cobblestone":9,"stat.drop.minecraft.splash_potion":1,"stat.useItem.minecraft.potion":6,"stat.flyOneCm":90499,"stat.drop.minecraft.sign":1,"stat.drop":10,"stat.swimOneCm":3872,"stat.jump":101,"stat.playOneMinute":44160,"stat.pickup.minecraft.torch":3,"stat.drop.minecraft.stone":2,"stat.useItem.srparasites.itemmobspawner_infplayerhead":3,"stat.drop.minecraft.cobblestone":5,"stat.useItem.minecraft.milk_bucket":2,"stat.sneakTime":1331,"stat.useItem.srparasites.itemmobspawner_infhumanhead":35,"stat.damageDealt":115,"stat.pickup.minecraft.stone":2,"stat.crouchOneCm":1017,"stat.sleepInBed":1,"stat.timeSinceDeath":44160,"stat.useItem.srparasites.itemmobspawner_dorpa":7,"stat.drop.minecraft.torch":3,"stat.sprintOneCm":3951,"stat.useItem.minecraft.spawn_egg":3,"stat.useItem.minecraft.stone_slab2":72,"stat.diveOneCm":1265,"stat.useItem.minecraft.water_bucket":11}