{"stats":{"minecraft:mined":{"minecraft:short_grass":4,"minecraft:chest":1,"minecraft:white_stained_glass_pane":4,"minecraft:wheat":8,"minecraft:tall_grass":1,"minecraft:torch":4},"minecraft:picked_up":{"minecraft:birch_log":3,"minecraft:stick":9,"minecraft:wheat":7,"minecraft:rotten_flesh":1,"minecraft:wheat_seeds":17,"minecraft:torch":4,"minecraft:acacia_log":1,"minecraft:wooden_pickaxe":1,"minecraft:bread":4,"minecraft:chest":1},"minecraft:crafted":{"minecraft:acacia_planks":4},"minecraft:used":{"minecraft:wooden_axe":22,"minecraft:birch_log":2,"minecraft:wooden_pickaxe":2,"minecraft:acacia_planks":3},"minecraft:killed":{"minecraft:zombie":1},"minecraft:custom":{"minecraft:open_chest":1,"minecraft:time_since_rest":4575,"minecraft:play_time":4575,"minecraft:sprint_one_cm":22160,"minecraft:damage_taken":120,"minecraft:walk_one_cm":11995,"minecraft:walk_under_water_one_cm":4808,"minecraft:mob_kills":1,"minecraft:jump":167,"minecraft:damage_dealt":235,"minecraft:leave_game":1,"minecraft:walk_on_water_one_cm":51,"minecraft:time_since_death":4575,"minecraft:total_world_time":4575,"minecraft:fall_one_cm":6121,"minecraft:fly_one_cm":39965}},"DataVersion":3953}