{"stats":{"minecraft:killed_by":{"minecraft:husk":1,"minecraft:player":1,"minecraft:zombie":1,"minecraft:iron_golem":1},"minecraft:dropped":{"minecraft:bread":1,"minecraft:bowl":1,"minecraft:wooden_axe":1},"minecraft:mined":{"minecraft:dark_oak_leaves":1,"minecraft:brown_stained_glass_pane":6,"minecraft:crafting_table":1,"minecraft:torch":4,"minecraft:short_grass":8,"minecraft:grass_block":1,"minecraft:chest":1,"minecraft:white_stained_glass_pane":4,"minecraft:tall_grass":5,"minecraft:oak_planks":2,"minecraft:wheat":15,"minecraft:andesite":1,"minecraft:stone_brick_stairs":1,"minecraft:chiseled_tuff":1,"minecraft:polished_deepslate":1,"minecraft:oak_log":1,"minecraft:oak_stairs":1,"minecraft:sunflower":2,"minecraft:dirt":4,"minecraft:azalea_leaves":5,"minecraft:acacia_planks":1},"minecraft:picked_up":{"minecraft:wooden_axe":5,"minecraft:stripped_oak_log":3,"minecraft:birch_log":7,"minecraft:crafting_table":1,"minecraft:wheat":68,"minecraft:anvil":1,"minecraft:andesite":5,"minecraft:wooden_pickaxe":8,"minecraft:oak_stairs":3,"minecraft:stone_brick_stairs":5,"minecraft:oak_log":1,"minecraft:yellow_bed":1,"minecraft:polished_deepslate":3,"minecraft:dirt":13,"minecraft:bone":3,"minecraft:acacia_planks":4,"minecraft:wheat_seeds":429,"minecraft:beef":1,"minecraft:chiseled_tuff":3,"minecraft:player_head":4,"minecraft:chest":3,"minecraft:oak_planks":5,"minecraft:stick":53,"minecraft:acacia_log":1,"minecraft:torch":20,"minecraft:arrow":2,"minecraft:rotten_flesh":13,"minecraft:bread":124,"minecraft:baked_potato":15,"minecraft:mutton":4,"minecraft:white_wool":5,"minecraft:sunflower":3},"minecraft:used":{"minecraft:lodestone":1,"minecraft:oak_planks":5,"minecraft:chest":2,"minecraft:wooden_pickaxe":6,"minecraft:player_head":7,"minecraft:torch":1,"minecraft:dirt":9,"minecraft:anvil":5,"minecraft:crafting_table":2,"minecraft:black_bed":3,"minecraft:wooden_axe":79,"minecraft:sunflower":1,"minecraft:red_wool":2,"minecraft:grass_block":16,"minecraft:oak_stairs":1,"minecraft:bread":3,"minecraft:wolf_spawn_egg":1,"minecraft:andesite":1,"minecraft:birch_log":2,"minecraft:stripped_oak_log":2,"minecraft:coarse_dirt":14,"minecraft:acacia_planks":7,"minecraft:beetroot_soup":1},"minecraft:crafted":{"minecraft:oak_planks":4,"minecraft:player_head":2,"minecraft:acacia_planks":4},"minecraft:killed":{"minecraft:husk":3,"minecraft:spider":1,"minecraft:creeper":1,"minecraft:sheep":1,"minecraft:skeleton":1,"minecraft:zombie":1,"minecraft:enderman":1,"minecraft:cow":1},"minecraft:custom":{"minecraft:mob_kills":11,"minecraft:interact_with_anvil":6,"minecraft:interact_with_crafting_table":10,"minecraft:open_barrel":13,"minecraft:bell_ring":2,"minecraft:leave_game":3,"minecraft:time_since_death":124207,"minecraft:climb_one_cm":1931,"minecraft:time_since_rest":124243,"minecraft:sprint_one_cm":103188,"minecraft:damage_taken":1103,"minecraft:walk_one_cm":96713,"minecraft:drop":3,"minecraft:damage_dealt":2355,"minecraft:swim_one_cm":951,"minecraft:fly_one_cm":443156,"minecraft:open_chest":14,"minecraft:crouch_one_cm":2340,"minecraft:play_time":153186,"minecraft:deaths":4,"minecraft:sneak_time":1589,"minecraft:walk_under_water_one_cm":33524,"minecraft:jump":858,"minecraft:walk_on_water_one_cm":1518,"minecraft:total_world_time":153186,"minecraft:fall_one_cm":13481}},"DataVersion":3953}