{"stat.useItem.minecraft.splash_potion":3,"stat.walkOneCm":13213,"stat.furnaceInteraction":1,"stat.useItem.srparasites.itemmobspawner_infhuman":5,"stat.mobKills":1,"stat.pickup.minecraft.cobblestone":1,"stat.useItem.minecraft.potion":3,"stat.flyOneCm":78932,"stat.drop":3,"stat.swimOneCm":3360,"stat.jump":71,"stat.playOneMinute":30495,"stat.pickup.minecraft.torch":3,"stat.drop.minecraft.stone":1,"stat.useItem.srparasites.itemmobspawner_infplayerhead":2,"stat.drop.minecraft.cobblestone":1,"stat.sneakTime":887,"stat.useItem.srparasites.itemmobspawner_infhumanhead":27,"stat.damageDealt":73,"stat.pickup.minecraft.stone":1,"stat.crouchOneCm":555,"stat.timeSinceDeath":30495,"stat.useItem.srparasites.itemmobspawner_dorpa":7,"stat.drop.minecraft.torch":3,"stat.sprintOneCm":3523,"stat.useItem.minecraft.spawn_egg":3,"stat.useItem.minecraft.stone_slab2":14,"stat.diveOneCm":957,"stat.useItem.minecraft.water_bucket":1}