{"stat.drop.minecraft.potion":1,"stat.drop.minecraft.milk_bucket":1,"stat.useItem.minecraft.splash_potion":8,"stat.walkOneCm":17856,"stat.furnaceInteraction":3,"stat.useItem.srparasites.itemmobspawner_infhuman":7,"stat.mobKills":1,"stat.pickup.minecraft.cobblestone":5,"stat.drop.minecraft.splash_potion":1,"stat.useItem.minecraft.potion":6,"stat.flyOneCm":89732,"stat.drop.minecraft.sign":1,"stat.drop":10,"stat.swimOneCm":3360,"stat.jump":98,"stat.playOneMinute":43095,"stat.pickup.minecraft.torch":3,"stat.drop.minecraft.stone":2,"stat.useItem.srparasites.itemmobspawner_infplayerhead":3,"stat.drop.minecraft.cobblestone":5,"stat.useItem.minecraft.milk_bucket":2,"stat.sneakTime":1071,"stat.useItem.srparasites.itemmobspawner_infhumanhead":35,"stat.damageDealt":95,"stat.pickup.minecraft.stone":2,"stat.crouchOneCm":663,"stat.sleepInBed":1,"stat.timeSinceDeath":43095,"stat.useItem.srparasites.itemmobspawner_dorpa":7,"stat.drop.minecraft.torch":3,"stat.sprintOneCm":3756,"stat.useItem.minecraft.spawn_egg":3,"stat.useItem.minecraft.stone_slab2":63,"stat.diveOneCm":957,"stat.useItem.minecraft.water_bucket":1}