{"stat.walkOneCm":59086,"stat.pickup.minecraft.stick":14,"stat.leaveGame":1,"stat.mineBlock.minecraft.cobblestone":1,"stat.mineBlock.minecraft.coal_ore":17,"stat.pickup.srparasites.lurecomponent1":2,"stat.pickup.minecraft.log":17,"stat.jump":134,"stat.swimOneCm":8901,"stat.pickup.minecraft.coal":17,"stat.fallOneCm":1022,"stat.drop.minecraft.cobblestone":15,"stat.useItem.minecraft.milk_bucket":1,"stat.pickup.minecraft.stone":1,"stat.drop.minecraft.planks":3,"stat.crouchOneCm":188,"stat.craftItem.minecraft.torch":12,"stat.pickup.minecraft.sapling":1,"stat.sprintOneCm":526,"stat.useItem.minecraft.stone_slab2":1,"stat.craftItem.minecraft.stick":16,"stat.craftingTableInteraction":8,"stat.pickup.minecraft.iron_ore":1,"stat.pickup.minecraft.milk_bucket":1,"stat.craftItem.minecraft.planks":68,"stat.damageTaken":228,"stat.craftItem.minecraft.stone_pickaxe":1,"stat.useItem.minecraft.wooden_pickaxe":29,"stat.pickup.minecraft.cobblestone":41,"stat.mobKills":2,"stat.craftItem.minecraft.wooden_sword":1,"stat.mineBlock.minecraft.log":17,"stat.pickup.minecraft.planks":2,"stat.flyOneCm":778,"stat.pickup.minecraft.bed":1,"stat.drop":36,"stat.playOneMinute":19222,"stat.useItem.minecraft.wooden_sword":6,"stat.useItem.minecraft.stone_pickaxe":19,"stat.sneakTime":94,"stat.damageDealt":110,"stat.mineBlock.minecraft.iron_ore":1,"stat.sleepInBed":2,"stat.timeSinceDeath":19222,"stat.craftItem.minecraft.wooden_pickaxe":1,"stat.mineBlock.minecraft.stone":29,"stat.diveOneCm":8260,"stat.drop.minecraft.stick":18}