{"stat.leaveGame":2,"stat.mineBlock.minecraft.cobblestone":1,"stat.mineBlock.srparasites.gore":1,"stat.jump":447,"stat.swimOneCm":8901,"stat.pickup.minecraft.coal":47,"stat.fallOneCm":2044,"stat.drop.minecraft.cobblestone":15,"stat.crouchOneCm":188,"stat.craftItem.minecraft.torch":12,"stat.pickup.minecraft.dirt":13,"stat.useItem.minecraft.dirt":1,"stat.useItem.minecraft.stone_slab2":2,"stat.craftingTableInteraction":8,"stat.pickup.minecraft.iron_ore":18,"stat.pickup.minecraft.rotten_flesh":2,"stat.pickup.minecraft.milk_bucket":1,"stat.damageTaken":3068,"stat.craftItem.minecraft.stone_pickaxe":1,"stat.useItem.minecraft.wooden_pickaxe":29,"stat.pickup.minecraft.cobblestone":42,"stat.craftItem.minecraft.wooden_sword":1,"stat.pickup.srparasites.assimilated_flesh":1,"stat.pickup.minecraft.planks":2,"stat.flyOneCm":3016,"stat.pickup.minecraft.bed":1,"stat.useItem.minecraft.stone_pickaxe":69,"stat.damageDealt":1566,"stat.mineBlock.minecraft.iron_ore":19,"stat.sleepInBed":4,"stat.timeSinceDeath":0,"stat.mineBlock.minecraft.dirt":13,"stat.craftItem.minecraft.wooden_pickaxe":1,"stat.pickup.minecraft.mutton":6,"stat.drop.minecraft.stick":18,"stat.walkOneCm":184012,"stat.useItem.minecraft.torch":2,"stat.pickup.minecraft.stick":14,"stat.useItem.minecraft.cobblestone":3,"stat.mineBlock.minecraft.coal_ore":47,"stat.pickup.srparasites.lurecomponent1":5,"stat.pickup.minecraft.log":22,"stat.useItem.tombstone.gift":1,"stat.useItem.minecraft.milk_bucket":1,"stat.entityKilledBy.Skeleton":1,"stat.pickup.minecraft.stone":3,"stat.drop.minecraft.planks":3,"stat.pickup.minecraft.sapling":1,"stat.sprintOneCm":573,"stat.craftItem.minecraft.stick":16,"stat.craftItem.minecraft.planks":68,"stat.mineBlock.srparasites.infestremain":2,"stat.mobKills":12,"stat.mineBlock.minecraft.log":22,"stat.deaths":15,"stat.drop":36,"stat.playOneMinute":43389,"stat.useItem.minecraft.wooden_sword":38,"stat.killEntity.Sheep":4,"stat.sneakTime":94,"stat.pickup.minecraft.wool":4,"stat.mineBlock.minecraft.stone":31,"stat.diveOneCm":8260}