{"stat.walkOneCm":149957,"stat.useItem.minecraft.torch":2,"stat.pickup.minecraft.stick":14,"stat.leaveGame":1,"stat.mineBlock.minecraft.cobblestone":1,"stat.useItem.minecraft.cobblestone":3,"stat.mineBlock.minecraft.coal_ore":47,"stat.mineBlock.srparasites.gore":1,"stat.pickup.srparasites.lurecomponent1":2,"stat.pickup.minecraft.log":22,"stat.jump":316,"stat.swimOneCm":8901,"stat.pickup.minecraft.coal":47,"stat.fallOneCm":1566,"stat.drop.minecraft.cobblestone":15,"stat.useItem.minecraft.milk_bucket":1,"stat.entityKilledBy.Skeleton":1,"stat.pickup.minecraft.stone":2,"stat.drop.minecraft.planks":3,"stat.crouchOneCm":188,"stat.craftItem.minecraft.torch":12,"stat.pickup.minecraft.sapling":1,"stat.pickup.minecraft.dirt":1,"stat.sprintOneCm":526,"stat.useItem.minecraft.stone_slab2":1,"stat.craftItem.minecraft.stick":16,"stat.craftingTableInteraction":8,"stat.pickup.minecraft.iron_ore":18,"stat.pickup.minecraft.rotten_flesh":2,"stat.pickup.minecraft.milk_bucket":1,"stat.craftItem.minecraft.planks":68,"stat.damageTaken":333,"stat.craftItem.minecraft.stone_pickaxe":1,"stat.useItem.minecraft.wooden_pickaxe":29,"stat.pickup.minecraft.cobblestone":42,"stat.mobKills":7,"stat.craftItem.minecraft.wooden_sword":1,"stat.pickup.srparasites.assimilated_flesh":1,"stat.mineBlock.minecraft.log":22,"stat.pickup.minecraft.planks":2,"stat.flyOneCm":1087,"stat.pickup.minecraft.bed":1,"stat.deaths":1,"stat.drop":36,"stat.playOneMinute":31822,"stat.useItem.minecraft.wooden_sword":38,"stat.useItem.minecraft.stone_pickaxe":69,"stat.killEntity.Sheep":4,"stat.sneakTime":94,"stat.pickup.minecraft.wool":4,"stat.damageDealt":515,"stat.mineBlock.minecraft.iron_ore":19,"stat.sleepInBed":4,"stat.timeSinceDeath":1050,"stat.mineBlock.minecraft.dirt":1,"stat.craftItem.minecraft.wooden_pickaxe":1,"stat.mineBlock.minecraft.stone":31,"stat.diveOneCm":8260,"stat.pickup.minecraft.mutton":6,"stat.drop.minecraft.stick":18}