{"stat.walkOneCm":24425,"stat.craftItem.minecraft.planks":68,"stat.leaveGame":1,"stat.damageTaken":193,"stat.mineBlock.minecraft.log":17,"stat.pickup.minecraft.planks":2,"stat.pickup.minecraft.log":17,"stat.flyOneCm":671,"stat.pickup.minecraft.bed":1,"stat.jump":44,"stat.swimOneCm":560,"stat.playOneMinute":7522,"stat.fallOneCm":753,"stat.sneakTime":51,"stat.damageDealt":10,"stat.crouchOneCm":151,"stat.sleepInBed":2,"stat.timeSinceDeath":7522,"stat.pickup.minecraft.sapling":1,"stat.sprintOneCm":360,"stat.useItem.minecraft.stone_slab2":1,"stat.diveOneCm":533,"stat.craftItem.minecraft.stick":4,"stat.craftingTableInteraction":4}