{"stat.drop.minecraft.stone_pickaxe":1,"stat.drop.minecraft.mutton":3,"stat.walkOneCm":103840,"stat.craftItem.minecraft.bed":1,"stat.drop.srparasites.lurecomponent1":1,"stat.pickup.minecraft.bone":1,"stat.useItem.minecraft.torch":15,"stat.useItem.minecraft.stone":10,"stat.pickup.minecraft.wooden_axe":1,"stat.drop.minecraft.wooden_pickaxe":1,"stat.useItem.minecraft.iron_axe":25,"stat.leaveGame":1,"stat.pickup.minecraft.crafting_table":1,"stat.mineBlock.minecraft.cobblestone":4,"stat.pickup.minecraft.stone_pickaxe":2,"stat.useItem.minecraft.cobblestone":13,"stat.craftItem.minecraft.crafting_table":1,"stat.furnaceInteraction":9,"stat.drop.minecraft.dirt":1,"stat.craftItem.minecraft.iron_axe":1,"stat.pickup.srparasites.lurecomponent2":1,"stat.drop.minecraft.wool":3,"stat.mineBlock.minecraft.coal_ore":58,"stat.pickup.srparasites.lurecomponent1":4,"stat.killEntity.Creeper":1,"stat.pickup.minecraft.log":13,"stat.useItem.minecraft.rotten_flesh":1,"stat.drop.minecraft.iron_pickaxe":1,"stat.swimOneCm":3148,"stat.jump":714,"stat.pickup.minecraft.coal":57,"stat.fallOneCm":11612,"stat.useItem.minecraft.planks":24,"stat.pickup.minecraft.iron_pickaxe":2,"stat.useItem.minecraft.cooked_mutton":22,"stat.drop.minecraft.cobblestone":2,"stat.useItem.minecraft.stone_axe":76,"stat.pickup.minecraft.gunpowder":2,"stat.pickup.minecraft.stone":22,"stat.crouchOneCm":725,"stat.pickup.minecraft.chicken":3,"stat.craftItem.minecraft.torch":16,"stat.craftItem.minecraft.iron_ingot":16,"stat.pickup.minecraft.sapling":3,"stat.pickup.minecraft.dirt":5,"stat.useItem.minecraft.dirt":1,"stat.sprintOneCm":93397,"stat.useItem.minecraft.stone_slab2":14,"stat.craftItem.minecraft.stick":20,"stat.craftingTableInteraction":7,"stat.pickup.minecraft.iron_ore":4,"stat.pickup.minecraft.rotten_flesh":5,"stat.killEntity.Skeleton":1,"stat.craftItem.minecraft.furnace":2,"stat.craftItem.minecraft.planks":52,"stat.killEntity.Chicken":2,"stat.craftItem.minecraft.stone_axe":1,"stat.pickup.minecraft.wooden_pickaxe":1,"stat.damageTaken":1546,"stat.mineBlock.minecraft.crafting_table":1,"stat.pickup.minecraft.feather":4,"stat.craftItem.minecraft.stone_pickaxe":1,"stat.mineBlock.minecraft.torch":13,"stat.mobKills":32,"stat.pickup.minecraft.cobblestone":60,"stat.mineBlock.minecraft.log":13,"stat.pickup.minecraft.planks":19,"stat.flyOneCm":99424,"stat.pickup.minecraft.bed":2,"stat.mineBlock.minecraft.planks":21,"tombstone:undead_killed":2,"stat.drop":14,"stat.mineBlock.minecraft.leaves":5,"stat.pickup.minecraft.egg":1,"stat.playOneMinute":59992,"stat.pickup.minecraft.torch":13,"stat.useItem.minecraft.stone_pickaxe":106,"stat.killEntity.Sheep":15,"stat.sneakTime":297,"stat.craftItem.minecraft.iron_pickaxe":1,"stat.pickup.minecraft.wool":15,"stat.damageDealt":2850,"stat.useItem.minecraft.wool":1,"stat.mineBlock.minecraft.iron_ore":3,"stat.sleepInBed":6,"stat.killEntity.Zombie":1,"stat.timeSinceDeath":59992,"stat.mineBlock.minecraft.dirt":10,"stat.useItem.minecraft.iron_pickaxe":49,"stat.mineBlock.minecraft.stone":87,"stat.craftItem.minecraft.cooked_mutton":8,"stat.drop.minecraft.wooden_axe":1,"stat.pickup.minecraft.mutton":17,"stat.pickup.minecraft.cooked_mutton":18}