{"stat.drop.minecraft.stone_pickaxe":1,"stat.drop.minecraft.mutton":3,"stat.pickup.minecraft.bone":1,"stat.useItem.minecraft.iron_axe":61,"stat.leaveGame":2,"stat.mineBlock.minecraft.cobblestone":13,"stat.pickup.minecraft.stone_pickaxe":2,"stat.craftItem.minecraft.iron_axe":1,"stat.swimOneCm":15494,"stat.useItem.minecraft.planks":25,"stat.drop.minecraft.cobblestone":2,"stat.useItem.minecraft.dirt":1,"stat.useItem.minecraft.stone_slab2":21,"stat.pickup.minecraft.rotten_flesh":5,"stat.craftItem.minecraft.furnace":2,"stat.craftItem.minecraft.stone_axe":1,"stat.craftItem.minecraft.stone_pickaxe":1,"stat.pickup.minecraft.cobblestone":281,"stat.flyOneCm":122476,"stat.mineBlock.minecraft.iron_ore":4,"stat.timeSinceDeath":4016,"stat.useItem.minecraft.iron_pickaxe":268,"stat.pickup.minecraft.mutton":17,"stat.drop.minecraft.cooked_mutton":1,"stat.craftItem.minecraft.bed":1,"stat.pickup.minecraft.wooden_axe":1,"stat.furnaceInteraction":26,"stat.drop.minecraft.dirt":1,"stat.pickup.srparasites.lurecomponent2":2,"stat.drop.minecraft.wool":3,"stat.mineBlock.minecraft.coal_ore":69,"stat.pickup.srparasites.lurecomponent1":6,"stat.killEntity.Creeper":1,"stat.useItem.minecraft.cooked_mutton":27,"stat.pickup.minecraft.furnace":2,"stat.sprintOneCm":125624,"stat.craftItem.minecraft.stick":20,"stat.mineBlock.minecraft.crafting_table":1,"stat.mineBlock.minecraft.planks":21,"stat.deaths":1,"stat.drop":22,"stat.pickup.minecraft.egg":1,"stat.playOneMinute":84002,"stat.killEntity.Sheep":15,"stat.craftItem.minecraft.iron_pickaxe":1,"stat.killEntity.Zombie":1,"stat.craftItem.minecraft.cooked_mutton":10,"stat.diveOneCm":2423,"stat.pickup.minecraft.cooked_mutton":18,"stat.drop.srparasites.lurecomponent1":1,"stat.drop.srparasites.lurecomponent2":2,"stat.useItem.minecraft.stone":25,"stat.drop.minecraft.wooden_pickaxe":1,"stat.useItem.minecraft.rotten_flesh":2,"stat.drop.minecraft.iron_pickaxe":2,"stat.jump":974,"stat.pickup.minecraft.coal":70,"stat.fallOneCm":14037,"stat.useItem.minecraft.stone_axe":76,"stat.pickup.minecraft.gunpowder":2,"stat.crouchOneCm":2995,"stat.craftItem.minecraft.torch":16,"stat.craftItem.minecraft.iron_ingot":16,"stat.pickup.minecraft.dirt":5,"stat.useItem.minecraft.cooked_chicken":2,"stat.craftingTableInteraction":8,"stat.pickup.minecraft.iron_ore":5,"stat.pickup.minecraft.wooden_pickaxe":1,"stat.damageTaken":2366,"stat.pickup.minecraft.feather":4,"stat.mineBlock.minecraft.torch":24,"stat.mineBlock.minecraft.furnace":2,"stat.useItem.minecraft.furnace":1,"stat.pickup.srparasites.assimilated_flesh":3,"stat.pickup.minecraft.planks":19,"stat.pickup.minecraft.bed":2,"tombstone:undead_killed":2,"stat.useItem.minecraft.stone_pickaxe":128,"stat.damageDealt":4070,"stat.drop.minecraft.cooked_chicken":1,"stat.useItem.minecraft.wool":1,"stat.sleepInBed":8,"stat.mineBlock.minecraft.dirt":10,"stat.walkOneCm":198579,"stat.useItem.minecraft.torch":32,"stat.drop.minecraft.rotten_flesh":3,"stat.pickup.minecraft.crafting_table":1,"stat.useItem.minecraft.cobblestone":42,"stat.craftItem.minecraft.crafting_table":1,"stat.pickup.minecraft.log":13,"stat.pickup.minecraft.iron_pickaxe":3,"stat.useItem.tombstone.gift":2,"stat.pickup.minecraft.stone":72,"stat.pickup.minecraft.chicken":3,"stat.pickup.minecraft.sapling":3,"stat.killEntity.Skeleton":1,"stat.craftItem.minecraft.planks":52,"stat.killEntity.Chicken":2,"stat.mobKills":42,"stat.mineBlock.minecraft.log":13,"stat.craftItem.minecraft.cooked_chicken":3,"stat.mineBlock.minecraft.leaves":5,"stat.pickup.minecraft.torch":21,"stat.sneakTime":1281,"stat.pickup.minecraft.wool":15,"stat.mineBlock.minecraft.stone":301,"stat.drop.minecraft.wooden_axe":1}