{"stat.drop.minecraft.stone_pickaxe":1,"stat.drop.minecraft.mutton":3,"stat.pickup.minecraft.bone":1,"stat.useItem.minecraft.iron_axe":30,"stat.leaveGame":2,"stat.mineBlock.minecraft.cobblestone":13,"stat.pickup.minecraft.stone_pickaxe":2,"stat.craftItem.minecraft.iron_axe":1,"stat.swimOneCm":4851,"stat.useItem.minecraft.planks":25,"stat.drop.minecraft.cobblestone":2,"stat.useItem.minecraft.dirt":1,"stat.useItem.minecraft.stone_slab2":17,"stat.pickup.minecraft.rotten_flesh":5,"stat.craftItem.minecraft.furnace":2,"stat.craftItem.minecraft.stone_axe":1,"stat.craftItem.minecraft.stone_pickaxe":1,"stat.pickup.minecraft.cobblestone":237,"stat.flyOneCm":109455,"stat.mineBlock.minecraft.iron_ore":3,"stat.timeSinceDeath":72302,"stat.useItem.minecraft.iron_pickaxe":205,"stat.pickup.minecraft.mutton":17,"stat.drop.minecraft.cooked_mutton":1,"stat.craftItem.minecraft.bed":1,"stat.pickup.minecraft.wooden_axe":1,"stat.furnaceInteraction":24,"stat.drop.minecraft.dirt":1,"stat.pickup.srparasites.lurecomponent2":2,"stat.drop.minecraft.wool":3,"stat.mineBlock.minecraft.coal_ore":58,"stat.pickup.srparasites.lurecomponent1":4,"stat.killEntity.Creeper":1,"stat.useItem.minecraft.cooked_mutton":25,"stat.pickup.minecraft.furnace":2,"stat.sprintOneCm":106625,"stat.craftItem.minecraft.stick":20,"stat.mineBlock.minecraft.crafting_table":1,"stat.mineBlock.minecraft.planks":21,"stat.drop":20,"stat.pickup.minecraft.egg":1,"stat.playOneMinute":72302,"stat.killEntity.Sheep":15,"stat.craftItem.minecraft.iron_pickaxe":1,"stat.killEntity.Zombie":1,"stat.craftItem.minecraft.cooked_mutton":10,"stat.diveOneCm":49,"stat.pickup.minecraft.cooked_mutton":18,"stat.drop.srparasites.lurecomponent1":1,"stat.drop.srparasites.lurecomponent2":2,"stat.useItem.minecraft.stone":21,"stat.drop.minecraft.wooden_pickaxe":1,"stat.useItem.minecraft.rotten_flesh":2,"stat.drop.minecraft.iron_pickaxe":1,"stat.jump":830,"stat.pickup.minecraft.coal":60,"stat.fallOneCm":12924,"stat.useItem.minecraft.stone_axe":76,"stat.pickup.minecraft.gunpowder":2,"stat.crouchOneCm":1227,"stat.craftItem.minecraft.torch":16,"stat.craftItem.minecraft.iron_ingot":16,"stat.pickup.minecraft.dirt":5,"stat.craftingTableInteraction":8,"stat.pickup.minecraft.iron_ore":4,"stat.pickup.minecraft.wooden_pickaxe":1,"stat.damageTaken":1764,"stat.pickup.minecraft.feather":4,"stat.mineBlock.minecraft.torch":23,"stat.mineBlock.minecraft.furnace":2,"stat.useItem.minecraft.furnace":1,"stat.pickup.srparasites.assimilated_flesh":2,"stat.pickup.minecraft.planks":19,"stat.pickup.minecraft.bed":2,"tombstone:undead_killed":2,"stat.useItem.minecraft.stone_pickaxe":126,"stat.damageDealt":3011,"stat.useItem.minecraft.wool":1,"stat.sleepInBed":8,"stat.mineBlock.minecraft.dirt":10,"stat.walkOneCm":167003,"stat.useItem.minecraft.torch":26,"stat.drop.minecraft.rotten_flesh":3,"stat.pickup.minecraft.crafting_table":1,"stat.useItem.minecraft.cobblestone":33,"stat.craftItem.minecraft.crafting_table":1,"stat.pickup.minecraft.log":13,"stat.pickup.minecraft.iron_pickaxe":2,"stat.pickup.minecraft.stone":51,"stat.pickup.minecraft.chicken":3,"stat.pickup.minecraft.sapling":3,"stat.killEntity.Skeleton":1,"stat.craftItem.minecraft.planks":52,"stat.killEntity.Chicken":2,"stat.mobKills":35,"stat.mineBlock.minecraft.log":13,"stat.craftItem.minecraft.cooked_chicken":3,"stat.mineBlock.minecraft.leaves":5,"stat.pickup.minecraft.torch":20,"stat.sneakTime":454,"stat.pickup.minecraft.wool":15,"stat.mineBlock.minecraft.stone":246,"stat.drop.minecraft.wooden_axe":1}