{"stat.drop.minecraft.stone_pickaxe":1,"stat.drop.minecraft.mutton":3,"stat.pickup.minecraft.bone":1,"stat.useItem.minecraft.iron_axe":98,"stat.leaveGame":2,"stat.mineBlock.minecraft.cobblestone":13,"stat.pickup.minecraft.stone_pickaxe":2,"stat.craftItem.minecraft.iron_axe":1,"stat.mineBlock.srparasites.gore":2,"stat.swimOneCm":17206,"stat.useItem.minecraft.planks":25,"stat.drop.minecraft.cobblestone":2,"stat.useItem.minecraft.dirt":1,"stat.useItem.minecraft.stone_slab2":24,"stat.pickup.minecraft.rotten_flesh":7,"stat.craftItem.minecraft.furnace":4,"stat.craftItem.minecraft.stone_axe":1,"stat.craftItem.minecraft.iron_boots":1,"stat.craftItem.minecraft.stone_pickaxe":1,"stat.pickup.minecraft.cobblestone":350,"stat.flyOneCm":137336,"stat.mineBlock.minecraft.iron_ore":19,"stat.timeSinceDeath":6329,"stat.useItem.minecraft.iron_pickaxe":304,"stat.pickup.minecraft.mutton":17,"stat.drop.minecraft.cooked_mutton":1,"stat.craftItem.minecraft.bed":1,"stat.pickup.minecraft.wooden_axe":1,"stat.furnaceInteraction":39,"stat.drop.minecraft.dirt":1,"stat.pickup.srparasites.lurecomponent2":2,"stat.drop.minecraft.wool":3,"stat.mineBlock.minecraft.coal_ore":76,"stat.pickup.srparasites.lurecomponent1":8,"stat.killEntity.Creeper":2,"stat.useItem.minecraft.cooked_mutton":27,"stat.pickup.minecraft.furnace":6,"stat.sprintOneCm":160714,"stat.craftItem.minecraft.stick":20,"stat.mineBlock.minecraft.crafting_table":2,"stat.mineBlock.minecraft.planks":21,"stat.deaths":5,"stat.drop":28,"stat.pickup.minecraft.egg":1,"stat.playOneMinute":96602,"stat.killEntity.Sheep":15,"stat.craftItem.minecraft.iron_pickaxe":1,"stat.killEntity.Zombie":4,"stat.mineBlock.minecraft.gold_ore":5,"stat.craftItem.minecraft.cooked_mutton":10,"stat.diveOneCm":2643,"stat.pickup.minecraft.cooked_mutton":18,"stat.drop.srparasites.lurecomponent1":1,"stat.drop.srparasites.lurecomponent2":2,"stat.useItem.minecraft.stone":25,"stat.drop.minecraft.wooden_pickaxe":1,"stat.useItem.minecraft.rotten_flesh":4,"stat.drop.minecraft.iron_pickaxe":2,"stat.jump":1125,"stat.pickup.minecraft.coal":84,"stat.fallOneCm":18689,"stat.useItem.minecraft.stone_axe":76,"stat.pickup.minecraft.gunpowder":4,"stat.crouchOneCm":6211,"stat.craftItem.minecraft.torch":16,"stat.craftItem.minecraft.iron_ingot":32,"stat.pickup.minecraft.dirt":5,"stat.craftItem.minecraft.iron_helmet":1,"stat.useItem.minecraft.cooked_chicken":2,"stat.craftingTableInteraction":14,"stat.pickup.minecraft.iron_ore":20,"stat.pickup.minecraft.gold_ore":4,"stat.pickup.minecraft.wooden_pickaxe":1,"stat.damageTaken":3291,"stat.pickup.minecraft.feather":4,"stat.mineBlock.minecraft.torch":33,"stat.mineBlock.minecraft.furnace":4,"stat.useItem.minecraft.furnace":2,"stat.pickup.srparasites.assimilated_flesh":5,"stat.pickup.minecraft.planks":19,"stat.pickup.minecraft.bed":2,"tombstone:undead_killed":5,"stat.useItem.minecraft.stone_pickaxe":128,"stat.craftItem.minecraft.iron_leggings":1,"stat.damageDealt":5394,"stat.drop.minecraft.cooked_chicken":1,"stat.useItem.minecraft.wool":1,"stat.sleepInBed":8,"stat.mineBlock.minecraft.dirt":10,"stat.walkOneCm":228466,"stat.useItem.minecraft.torch":38,"stat.drop.minecraft.rotten_flesh":3,"stat.pickup.minecraft.crafting_table":1,"stat.useItem.minecraft.cobblestone":89,"stat.craftItem.minecraft.crafting_table":1,"stat.pickup.minecraft.log":13,"stat.pickup.minecraft.iron_pickaxe":3,"stat.useItem.tombstone.gift":2,"stat.craftItem.minecraft.gold_ingot":4,"stat.pickup.minecraft.stone":72,"stat.craftItem.minecraft.iron_chestplate":1,"stat.pickup.minecraft.chicken":3,"stat.pickup.minecraft.sapling":3,"stat.drop.srparasites.assimilated_flesh":6,"stat.killEntity.Skeleton":1,"stat.craftItem.minecraft.planks":52,"stat.killEntity.Chicken":2,"stat.mobKills":52,"stat.mineBlock.minecraft.log":13,"stat.craftItem.minecraft.cooked_chicken":3,"stat.mineBlock.minecraft.leaves":5,"stat.pickup.minecraft.torch":31,"stat.sneakTime":2425,"stat.pickup.minecraft.wool":15,"stat.mineBlock.minecraft.stone":305,"stat.drop.minecraft.wooden_axe":1}