{"stat.drop.minecraft.stone_pickaxe":1,"stat.drop.minecraft.mutton":3,"stat.walkOneCm":78217,"stat.craftItem.minecraft.bed":1,"stat.drop.srparasites.lurecomponent1":1,"stat.pickup.minecraft.bone":1,"stat.useItem.minecraft.torch":7,"stat.pickup.minecraft.wooden_axe":1,"stat.drop.minecraft.wooden_pickaxe":1,"stat.leaveGame":1,"stat.pickup.minecraft.crafting_table":1,"stat.mineBlock.minecraft.cobblestone":3,"stat.pickup.minecraft.stone_pickaxe":2,"stat.useItem.minecraft.cobblestone":13,"stat.craftItem.minecraft.crafting_table":1,"stat.furnaceInteraction":9,"stat.drop.minecraft.dirt":1,"stat.craftItem.minecraft.iron_axe":1,"stat.drop.minecraft.wool":3,"stat.mineBlock.minecraft.coal_ore":49,"stat.pickup.srparasites.lurecomponent1":4,"stat.killEntity.Creeper":1,"stat.pickup.minecraft.log":13,"stat.useItem.minecraft.rotten_flesh":1,"stat.drop.minecraft.iron_pickaxe":1,"stat.swimOneCm":3148,"stat.jump":643,"stat.pickup.minecraft.coal":49,"stat.fallOneCm":11403,"stat.useItem.minecraft.planks":20,"stat.pickup.minecraft.iron_pickaxe":2,"stat.useItem.minecraft.cooked_mutton":19,"stat.drop.minecraft.cobblestone":2,"stat.useItem.minecraft.stone_axe":76,"stat.pickup.minecraft.gunpowder":2,"stat.crouchOneCm":725,"stat.pickup.minecraft.chicken":3,"stat.craftItem.minecraft.torch":16,"stat.craftItem.minecraft.iron_ingot":16,"stat.pickup.minecraft.sapling":3,"stat.pickup.minecraft.dirt":1,"stat.sprintOneCm":89536,"stat.useItem.minecraft.stone_slab2":10,"stat.craftItem.minecraft.stick":20,"stat.craftingTableInteraction":7,"stat.pickup.minecraft.iron_ore":4,"stat.pickup.minecraft.rotten_flesh":5,"stat.killEntity.Skeleton":1,"stat.craftItem.minecraft.furnace":2,"stat.craftItem.minecraft.planks":52,"stat.killEntity.Chicken":2,"stat.craftItem.minecraft.stone_axe":1,"stat.pickup.minecraft.wooden_pickaxe":1,"stat.damageTaken":1294,"stat.mineBlock.minecraft.crafting_table":1,"stat.pickup.minecraft.feather":4,"stat.craftItem.minecraft.stone_pickaxe":1,"stat.mineBlock.minecraft.torch":6,"stat.mobKills":29,"stat.pickup.minecraft.cobblestone":42,"stat.mineBlock.minecraft.log":13,"stat.pickup.minecraft.planks":11,"stat.flyOneCm":96743,"stat.pickup.minecraft.bed":2,"stat.mineBlock.minecraft.planks":12,"tombstone:undead_killed":2,"stat.drop":14,"stat.mineBlock.minecraft.leaves":5,"stat.pickup.minecraft.egg":1,"stat.playOneMinute":48292,"stat.pickup.minecraft.torch":6,"stat.useItem.minecraft.stone_pickaxe":106,"stat.killEntity.Sheep":15,"stat.sneakTime":278,"stat.craftItem.minecraft.iron_pickaxe":1,"stat.pickup.minecraft.wool":15,"stat.damageDealt":2614,"stat.useItem.minecraft.wool":1,"stat.mineBlock.minecraft.iron_ore":3,"stat.sleepInBed":6,"stat.killEntity.Zombie":1,"stat.timeSinceDeath":48292,"stat.mineBlock.minecraft.dirt":5,"stat.mineBlock.minecraft.stone":48,"stat.craftItem.minecraft.cooked_mutton":8,"stat.drop.minecraft.wooden_axe":1,"stat.pickup.minecraft.mutton":17,"stat.pickup.minecraft.cooked_mutton":18}