{"stat.drop.minecraft.stone_pickaxe":1,"stat.drop.minecraft.mutton":3,"stat.walkOneCm":19656,"stat.pickup.minecraft.wooden_axe":1,"stat.drop.minecraft.wooden_pickaxe":1,"stat.leaveGame":1,"stat.pickup.minecraft.crafting_table":1,"stat.pickup.minecraft.stone_pickaxe":2,"stat.craftItem.minecraft.crafting_table":1,"stat.furnaceInteraction":2,"stat.drop.minecraft.dirt":1,"stat.drop.minecraft.wool":3,"stat.mineBlock.minecraft.coal_ore":3,"stat.pickup.minecraft.log":13,"stat.useItem.minecraft.rotten_flesh":1,"stat.swimOneCm":2241,"stat.jump":193,"stat.pickup.minecraft.coal":3,"stat.fallOneCm":1589,"stat.drop.minecraft.cobblestone":2,"stat.useItem.minecraft.stone_axe":25,"stat.crouchOneCm":70,"stat.pickup.minecraft.sapling":3,"stat.pickup.minecraft.dirt":1,"stat.sprintOneCm":31565,"stat.useItem.minecraft.stone_slab2":2,"stat.craftItem.minecraft.stick":4,"stat.craftingTableInteraction":3,"stat.pickup.minecraft.rotten_flesh":1,"stat.craftItem.minecraft.furnace":1,"stat.craftItem.minecraft.planks":28,"stat.craftItem.minecraft.stone_axe":1,"stat.pickup.minecraft.wooden_pickaxe":1,"stat.damageTaken":55,"stat.mineBlock.minecraft.crafting_table":1,"stat.craftItem.minecraft.stone_pickaxe":1,"stat.mobKills":13,"stat.pickup.minecraft.cobblestone":20,"stat.mineBlock.minecraft.log":13,"stat.flyOneCm":23968,"stat.drop":12,"stat.mineBlock.minecraft.leaves":4,"stat.playOneMinute":11392,"stat.useItem.minecraft.stone_pickaxe":26,"stat.killEntity.Sheep":13,"stat.sneakTime":35,"stat.pickup.minecraft.wool":12,"stat.damageDealt":1021,"stat.timeSinceDeath":11392,"stat.mineBlock.minecraft.dirt":1,"stat.mineBlock.minecraft.stone":23,"stat.drop.minecraft.wooden_axe":1,"stat.pickup.minecraft.mutton":15}