{"stat.drop.minecraft.stone_pickaxe":1,"stat.drop.minecraft.mutton":3,"stat.walkOneCm":32478,"stat.craftItem.minecraft.bed":1,"stat.pickup.minecraft.bone":1,"stat.useItem.minecraft.torch":1,"stat.pickup.minecraft.wooden_axe":1,"stat.drop.minecraft.wooden_pickaxe":1,"stat.leaveGame":1,"stat.pickup.minecraft.crafting_table":1,"stat.mineBlock.minecraft.cobblestone":3,"stat.pickup.minecraft.stone_pickaxe":2,"stat.useItem.minecraft.cobblestone":13,"stat.craftItem.minecraft.crafting_table":1,"stat.furnaceInteraction":3,"stat.drop.minecraft.dirt":1,"stat.drop.minecraft.wool":3,"stat.mineBlock.minecraft.coal_ore":48,"stat.pickup.srparasites.lurecomponent1":1,"stat.pickup.minecraft.log":13,"stat.useItem.minecraft.rotten_flesh":1,"stat.swimOneCm":2682,"stat.jump":349,"stat.pickup.minecraft.coal":48,"stat.fallOneCm":5111,"stat.useItem.minecraft.cooked_mutton":2,"stat.drop.minecraft.cobblestone":2,"stat.useItem.minecraft.stone_axe":31,"stat.crouchOneCm":70,"stat.craftItem.minecraft.torch":4,"stat.pickup.minecraft.sapling":3,"stat.pickup.minecraft.dirt":1,"stat.sprintOneCm":49476,"stat.useItem.minecraft.stone_slab2":4,"stat.craftItem.minecraft.stick":8,"stat.craftingTableInteraction":4,"stat.pickup.minecraft.rotten_flesh":1,"stat.killEntity.Skeleton":1,"stat.craftItem.minecraft.furnace":1,"stat.craftItem.minecraft.planks":52,"stat.craftItem.minecraft.stone_axe":1,"stat.pickup.minecraft.wooden_pickaxe":1,"stat.damageTaken":55,"stat.mineBlock.minecraft.crafting_table":1,"stat.craftItem.minecraft.stone_pickaxe":1,"stat.mineBlock.minecraft.torch":1,"stat.mobKills":18,"stat.pickup.minecraft.cobblestone":30,"stat.mineBlock.minecraft.log":13,"stat.flyOneCm":58619,"tombstone:undead_killed":1,"stat.drop":12,"stat.mineBlock.minecraft.leaves":4,"stat.playOneMinute":23992,"stat.pickup.minecraft.torch":1,"stat.useItem.minecraft.stone_pickaxe":81,"stat.killEntity.Sheep":15,"stat.sneakTime":35,"stat.pickup.minecraft.wool":15,"stat.damageDealt":1431,"stat.useItem.minecraft.wool":1,"stat.sleepInBed":3,"stat.timeSinceDeath":23992,"stat.mineBlock.minecraft.dirt":1,"stat.mineBlock.minecraft.stone":30,"stat.craftItem.minecraft.cooked_mutton":8,"stat.drop.minecraft.wooden_axe":1,"stat.pickup.minecraft.mutton":17}