{"stat.drop.minecraft.stone_pickaxe":1,"stat.drop.minecraft.mutton":3,"stat.walkOneCm":48004,"stat.craftItem.minecraft.bed":1,"stat.drop.srparasites.lurecomponent1":1,"stat.pickup.minecraft.bone":1,"stat.useItem.minecraft.torch":5,"stat.pickup.minecraft.wooden_axe":1,"stat.drop.minecraft.wooden_pickaxe":1,"stat.leaveGame":1,"stat.pickup.minecraft.crafting_table":1,"stat.mineBlock.minecraft.cobblestone":3,"stat.pickup.minecraft.stone_pickaxe":2,"stat.useItem.minecraft.cobblestone":13,"stat.craftItem.minecraft.crafting_table":1,"stat.furnaceInteraction":3,"stat.drop.minecraft.dirt":1,"stat.drop.minecraft.wool":3,"stat.mineBlock.minecraft.coal_ore":48,"stat.pickup.srparasites.lurecomponent1":2,"stat.pickup.minecraft.log":13,"stat.useItem.minecraft.rotten_flesh":1,"stat.swimOneCm":3148,"stat.jump":487,"stat.pickup.minecraft.coal":48,"stat.fallOneCm":7924,"stat.useItem.minecraft.planks":18,"stat.useItem.minecraft.cooked_mutton":3,"stat.drop.minecraft.cobblestone":2,"stat.useItem.minecraft.stone_axe":43,"stat.crouchOneCm":703,"stat.craftItem.minecraft.torch":4,"stat.pickup.minecraft.sapling":3,"stat.pickup.minecraft.dirt":1,"stat.sprintOneCm":62404,"stat.useItem.minecraft.stone_slab2":6,"stat.craftItem.minecraft.stick":8,"stat.craftingTableInteraction":4,"stat.pickup.minecraft.rotten_flesh":1,"stat.killEntity.Skeleton":1,"stat.craftItem.minecraft.furnace":1,"stat.craftItem.minecraft.planks":52,"stat.craftItem.minecraft.stone_axe":1,"stat.pickup.minecraft.wooden_pickaxe":1,"stat.damageTaken":125,"stat.mineBlock.minecraft.crafting_table":1,"stat.craftItem.minecraft.stone_pickaxe":1,"stat.mineBlock.minecraft.torch":4,"stat.mobKills":18,"stat.pickup.minecraft.cobblestone":30,"stat.mineBlock.minecraft.log":13,"stat.pickup.minecraft.planks":9,"stat.flyOneCm":71177,"stat.pickup.minecraft.bed":2,"stat.mineBlock.minecraft.planks":10,"tombstone:undead_killed":1,"stat.drop":13,"stat.mineBlock.minecraft.leaves":5,"stat.playOneMinute":35692,"stat.pickup.minecraft.torch":4,"stat.useItem.minecraft.stone_pickaxe":81,"stat.killEntity.Sheep":15,"stat.sneakTime":252,"stat.pickup.minecraft.wool":15,"stat.damageDealt":1462,"stat.useItem.minecraft.wool":1,"stat.sleepInBed":6,"stat.timeSinceDeath":35692,"stat.mineBlock.minecraft.dirt":1,"stat.mineBlock.minecraft.stone":30,"stat.craftItem.minecraft.cooked_mutton":8,"stat.drop.minecraft.wooden_axe":1,"stat.pickup.minecraft.mutton":17,"stat.pickup.minecraft.cooked_mutton":18}