{"stats":{"minecraft:mined":{"minecraft:smithing_table":1,"minecraft:coarse_dirt":1,"minecraft:dark_oak_log":3,"minecraft:torch":2,"minecraft:crafting_table":3,"minecraft:granite":19,"minecraft:bookshelf":6,"minecraft:short_grass":6,"minecraft:oak_wood":10,"minecraft:grass_block":7,"minecraft:oak_log":1,"minecraft:dirt_path":1,"minecraft:dirt":30,"minecraft:birch_wood":8,"minecraft:chipped_anvil":1},"minecraft:picked_up":{"minecraft:book":18,"minecraft:crafting_table":3,"minecraft:coarse_dirt":1,"minecraft:smithing_table":1,"minecraft:torch":2,"minecraft:porkchop":3,"minecraft:oak_log":1,"minecraft:dark_oak_log":3,"minecraft:dirt":38,"minecraft:oak_wood":10,"minecraft:chipped_anvil":1,"minecraft:rotten_flesh":3,"minecraft:birch_wood":8,"minecraft:granite":18,"minecraft:mutton":1,"minecraft:white_wool":1},"minecraft:used":{"minecraft:stone_sword":1,"minecraft:stone_pickaxe":3,"minecraft:wooden_pickaxe":58,"minecraft:torch":3,"minecraft:rotten_flesh":3,"minecraft:stone_axe":31,"minecraft:wooden_sword":6,"minecraft:dirt":20,"minecraft:crafting_table":3,"minecraft:cooked_porkchop":3,"minecraft:furnace":1},"minecraft:crafted":{"minecraft:wooden_sword":1,"minecraft:oak_planks":4,"minecraft:charcoal":12,"minecraft:cooked_porkchop":3,"minecraft:stick":16,"minecraft:wooden_pickaxe":2,"minecraft:stone_pickaxe":1,"minecraft:stone_sword":1,"minecraft:furnace":1,"minecraft:torch":4,"minecraft:dark_oak_planks":12,"minecraft:stone_axe":1,"minecraft:air":0},"minecraft:broken":{"minecraft:wooden_pickaxe":1},"minecraft:killed":{"minecraft:sheep":1,"minecraft:zombie":3,"minecraft:pig":1},"minecraft:custom":{"minecraft:time_since_rest":17159,"minecraft:interact_with_furnace":15,"minecraft:sprint_one_cm":40462,"minecraft:damage_taken":300,"minecraft:walk_one_cm":64896,"minecraft:mob_kills":5,"minecraft:damage_dealt":709,"minecraft:open_chest":5,"minecraft:interact_with_crafting_table":9,"minecraft:fly_one_cm":26564,"minecraft:open_barrel":1,"minecraft:crouch_one_cm":46,"minecraft:play_time":17159,"minecraft:sneak_time":217,"minecraft:walk_under_water_one_cm":36298,"minecraft:jump":142,"minecraft:time_since_death":17159,"minecraft:walk_on_water_one_cm":2066,"minecraft:total_world_time":17159,"minecraft:fall_one_cm":2986}},"DataVersion":3953}