{"stats":{"minecraft:killed_by":{"minecraft:zombie":1},"minecraft:mined":{"minecraft:smithing_table":1,"minecraft:dark_oak_log":3,"minecraft:crafting_table":3,"minecraft:torch":2,"minecraft:granite":33,"minecraft:short_grass":15,"minecraft:oak_wood":31,"minecraft:grass_block":7,"minecraft:decorated_pot":1,"minecraft:birch_wood":8,"minecraft:hay_block":5,"minecraft:coarse_dirt":1,"minecraft:wheat":37,"minecraft:oak_log":1,"minecraft:bookshelf":6,"minecraft:coal_ore":49,"minecraft:dirt_path":1,"minecraft:sunflower":1,"minecraft:dirt":33,"minecraft:azalea_leaves":1,"minecraft:stone":38,"minecraft:chipped_anvil":1},"minecraft:picked_up":{"minecraft:charcoal":9,"minecraft:leather_chestplate":1,"minecraft:coarse_dirt":5,"minecraft:crafting_table":3,"minecraft:wheat":31,"minecraft:suspicious_stew":1,"minecraft:smithing_table":2,"minecraft:wooden_pickaxe":1,"minecraft:mushroom_stew":1,"minecraft:flint":1,"minecraft:oak_log":1,"minecraft:brick":4,"minecraft:dirt":93,"minecraft:wooden_sword":1,"minecraft:chipped_anvil":2,"minecraft:wheat_seeds":95,"minecraft:birch_wood":13,"minecraft:stone_pickaxe":1,"minecraft:book":36,"minecraft:stick":3,"minecraft:copper_ingot":4,"minecraft:torch":5,"minecraft:porkchop":3,"minecraft:dark_oak_log":3,"minecraft:oak_wood":32,"minecraft:stone_sword":1,"minecraft:rotten_flesh":3,"minecraft:stone_axe":1,"minecraft:hay_block":7,"minecraft:granite":50,"minecraft:mutton":2,"minecraft:coal":98,"minecraft:white_wool":2,"minecraft:cobblestone":76,"minecraft:sunflower":1},"minecraft:used":{"minecraft:wheat_seeds":1,"minecraft:stone_sword":1,"minecraft:stone_pickaxe":104,"minecraft:wooden_pickaxe":58,"minecraft:rotten_flesh":3,"minecraft:torch":3,"minecraft:dirt":28,"minecraft:crafting_table":3,"minecraft:bread":4,"minecraft:stone_axe":57,"minecraft:wooden_sword":6,"minecraft:furnace":1,"minecraft:cooked_porkchop":3},"minecraft:crafted":{"minecraft:wooden_sword":1,"minecraft:oak_planks":4,"minecraft:cooked_porkchop":3,"minecraft:wooden_pickaxe":2,"minecraft:furnace":1,"minecraft:stone_axe":1,"minecraft:bread":7,"minecraft:air":0,"minecraft:charcoal":12,"minecraft:stick":16,"minecraft:stone_pickaxe":1,"minecraft:stone_sword":1,"minecraft:dark_oak_planks":12,"minecraft:torch":4,"minecraft:wheat":45},"minecraft:broken":{"minecraft:wooden_pickaxe":1},"minecraft:killed":{"minecraft:pig":1,"minecraft:sheep":1,"minecraft:zombie":3},"minecraft:custom":{"minecraft:interact_with_furnace":19,"minecraft:mob_kills":6,"minecraft:interact_with_crafting_table":12,"minecraft:open_barrel":1,"minecraft:leave_game":1,"minecraft:time_since_death":5119,"minecraft:time_since_rest":5238,"minecraft:sprint_one_cm":62920,"minecraft:damage_taken":772,"minecraft:walk_one_cm":100338,"minecraft:damage_dealt":781,"minecraft:fly_one_cm":51786,"minecraft:open_chest":5,"minecraft:crouch_one_cm":428,"minecraft:play_time":26434,"minecraft:deaths":1,"minecraft:sneak_time":269,"minecraft:walk_under_water_one_cm":36298,"minecraft:jump":286,"minecraft:walk_on_water_one_cm":2066,"minecraft:total_world_time":26434,"minecraft:fall_one_cm":5136}},"DataVersion":3953}