{"stats":{"minecraft:mined":{"minecraft:white_stained_glass_pane":2},"minecraft:crafted":{"minecraft:player_head":1},"minecraft:used":{"minecraft:ender_eye":1,"minecraft:anvil":1,"minecraft:crafting_table":1,"minecraft:player_head":1},"minecraft:custom":{"minecraft:jump":17,"minecraft:time_since_rest":3826,"minecraft:leave_game":1,"minecraft:sprint_one_cm":5333,"minecraft:play_time":3826,"minecraft:time_since_death":3826,"minecraft:walk_one_cm":4214,"minecraft:total_world_time":3826,"minecraft:interact_with_anvil":1,"minecraft:interact_with_crafting_table":2,"minecraft:interact_with_lectern":1,"minecraft:fly_one_cm":2281,"minecraft:open_barrel":1}},"DataVersion":3953}