{"stat.walkOneCm":44306,"stat.craftItem.minecraft.planks":20,"stat.leaveGame":2,"stat.damageTaken":115,"stat.pickup.minecraft.stone_pickaxe":1,"stat.craftItem.minecraft.crafting_table":2,"stat.furnaceInteraction":3,"stat.useItem.minecraft.wooden_pickaxe":30,"stat.mobKills":4,"stat.pickup.minecraft.cobblestone":23,"stat.mineBlock.minecraft.log":5,"stat.pickup.minecraft.log":5,"stat.flyOneCm":4397,"stat.jump":187,"stat.swimOneCm":1276,"stat.mineBlock.minecraft.leaves":1,"stat.playOneMinute":9599,"stat.fallOneCm":4759,"stat.killEntity.Sheep":4,"stat.useItem.minecraft.stone_pickaxe":26,"stat.useItem.minecraft.cooked_mutton":2,"stat.sneakTime":4,"stat.pickup.minecraft.wool":8,"stat.damageDealt":356,"stat.timeSinceDeath":9599,"stat.sprintOneCm":6048,"stat.useItem.minecraft.stone_slab2":3,"stat.craftItem.minecraft.wooden_pickaxe":1,"stat.mineBlock.minecraft.stone":26,"stat.mineBlock.minecraft.tallgrass":2,"stat.craftItem.minecraft.cooked_mutton":2,"stat.pickup.minecraft.mutton":12,"stat.craftItem.minecraft.stick":4,"stat.craftingTableInteraction":2}