{"stat.walkOneCm":65568,"stat.craftItem.minecraft.bed":1,"stat.leaveGame":2,"stat.pickup.minecraft.crafting_table":1,"stat.pickup.minecraft.stone_pickaxe":1,"stat.useItem.minecraft.cobblestone":18,"stat.craftItem.minecraft.crafting_table":2,"stat.furnaceInteraction":13,"stat.mineBlock.minecraft.coal_ore":40,"stat.pickup.minecraft.log":5,"stat.pickup.minecraft.string":2,"stat.swimOneCm":3420,"stat.jump":328,"stat.pickup.minecraft.coal":40,"stat.fallOneCm":8980,"stat.useItem.minecraft.cooked_mutton":4,"stat.useItem.minecraft.stone_axe":24,"stat.mineBlock.minecraft.wool":1,"stat.craftItem.minecraft.torch":12,"stat.sprintOneCm":22418,"stat.useItem.minecraft.stone_slab2":5,"stat.craftItem.minecraft.stick":12,"stat.craftingTableInteraction":5,"stat.craftItem.minecraft.planks":20,"stat.craftItem.minecraft.stone_axe":1,"stat.damageTaken":335,"stat.killEntity.Spider":1,"stat.mineBlock.minecraft.crafting_table":1,"stat.mineBlock.minecraft.torch":1,"stat.useItem.minecraft.wooden_pickaxe":30,"stat.pickup.minecraft.cobblestone":35,"stat.mobKills":21,"stat.mineBlock.minecraft.log":5,"stat.flyOneCm":16763,"stat.pickup.minecraft.bed":2,"stat.mineBlock.minecraft.leaves":1,"stat.playOneMinute":22199,"stat.pickup.minecraft.torch":1,"stat.useItem.minecraft.stone_pickaxe":74,"stat.killEntity.Sheep":20,"stat.sneakTime":4,"stat.pickup.minecraft.wool":24,"stat.damageDealt":1795,"stat.sleepInBed":2,"stat.timeSinceDeath":22199,"stat.craftItem.minecraft.wooden_pickaxe":1,"stat.mineBlock.minecraft.stone":34,"stat.mineBlock.minecraft.tallgrass":3,"stat.craftItem.minecraft.cooked_mutton":21,"stat.pickup.minecraft.mutton":35,"stat.diveOneCm":395}