{"stat.drop.minecraft.cooked_mutton":4,"stat.walkOneCm":174002,"stat.craftItem.minecraft.bed":1,"stat.pickup.minecraft.bone":2,"stat.useItem.minecraft.torch":10,"stat.leaveGame":2,"stat.pickup.minecraft.arrow":2,"stat.pickup.minecraft.crafting_table":3,"stat.mineBlock.minecraft.cobblestone":2,"stat.pickup.minecraft.stone_pickaxe":1,"stat.useItem.minecraft.cobblestone":30,"stat.craftItem.minecraft.crafting_table":2,"stat.furnaceInteraction":40,"stat.pickup.minecraft.stone_axe":1,"stat.pickup.srparasites.lurecomponent2":1,"stat.mineBlock.minecraft.coal_ore":53,"stat.pickup.srparasites.lurecomponent1":2,"stat.pickup.minecraft.log":5,"stat.pickup.minecraft.string":2,"stat.drop.minecraft.iron_pickaxe":1,"stat.swimOneCm":5969,"stat.jump":709,"stat.pickup.minecraft.coal":54,"stat.pickup.minecraft.cooked_chicken":2,"stat.fallOneCm":16727,"stat.pickup.minecraft.iron_pickaxe":2,"stat.useItem.minecraft.cooked_mutton":18,"stat.pickup.minecraft.furnace":6,"stat.useItem.minecraft.stone_axe":37,"stat.pickup.minecraft.stone":42,"stat.craftItem.minecraft.iron_chestplate":1,"stat.mineBlock.minecraft.wool":1,"stat.crouchOneCm":756,"stat.pickup.minecraft.chicken":3,"stat.craftItem.minecraft.torch":24,"stat.craftItem.minecraft.iron_ingot":21,"stat.pickup.minecraft.sapling":1,"stat.pickup.minecraft.dirt":3,"stat.useItem.minecraft.dirt":1,"stat.craftItem.minecraft.iron_helmet":1,"stat.sprintOneCm":54293,"stat.useItem.minecraft.stone_slab2":19,"stat.pickup.minecraft.bow":1,"stat.drop.minecraft.bed":1,"stat.craftItem.minecraft.stick":16,"stat.useItem.minecraft.cooked_chicken":2,"stat.craftingTableInteraction":14,"stat.pickup.minecraft.iron_ore":21,"stat.killEntity.Skeleton":1,"stat.craftItem.minecraft.planks":20,"stat.useItem.minecraft.iron_sword":66,"stat.killEntity.Chicken":4,"stat.craftItem.minecraft.stone_axe":1,"stat.craftItem.minecraft.iron_boots":1,"stat.damageTaken":1265,"stat.killEntity.Spider":1,"stat.mineBlock.minecraft.crafting_table":3,"stat.pickup.minecraft.feather":5,"stat.mineBlock.minecraft.torch":3,"stat.mineBlock.minecraft.furnace":7,"stat.useItem.minecraft.wooden_pickaxe":30,"stat.useItem.minecraft.furnace":4,"stat.pickup.minecraft.cobblestone":125,"stat.mobKills":43,"stat.mineBlock.minecraft.log":5,"stat.pickup.minecraft.planks":3,"stat.craftItem.minecraft.stone_sword":1,"stat.flyOneCm":37607,"stat.pickup.minecraft.bed":4,"stat.mineBlock.minecraft.planks":3,"tombstone:undead_killed":2,"stat.drop":7,"stat.mineBlock.minecraft.leaves":9,"stat.pickup.minecraft.egg":3,"stat.playOneMinute":70799,"stat.pickup.minecraft.torch":4,"stat.useItem.minecraft.stone_pickaxe":126,"stat.killEntity.Sheep":20,"stat.sneakTime":460,"stat.pickup.minecraft.wool":24,"stat.damageDealt":3103,"stat.drop.minecraft.stone_axe":1,"stat.mineBlock.minecraft.iron_ore":21,"stat.sleepInBed":6,"stat.killEntity.Zombie":1,"stat.timeSinceDeath":70799,"stat.mineBlock.minecraft.dirt":3,"stat.useItem.minecraft.iron_pickaxe":150,"stat.craftItem.minecraft.wooden_pickaxe":1,"stat.mineBlock.minecraft.stone":180,"stat.mineBlock.minecraft.tallgrass":8,"stat.craftItem.minecraft.cooked_mutton":40,"stat.pickup.minecraft.mutton":35,"stat.diveOneCm":1120,"stat.craftItem.minecraft.iron_sword":1}