{"stat.drop.minecraft.cooked_mutton":4,"stat.walkOneCm":133532,"stat.craftItem.minecraft.bed":1,"stat.pickup.minecraft.bone":2,"stat.useItem.minecraft.torch":1,"stat.leaveGame":2,"stat.pickup.minecraft.arrow":2,"stat.pickup.minecraft.crafting_table":1,"stat.pickup.minecraft.stone_pickaxe":1,"stat.useItem.minecraft.cobblestone":28,"stat.craftItem.minecraft.crafting_table":2,"stat.furnaceInteraction":38,"stat.pickup.minecraft.stone_axe":1,"stat.mineBlock.minecraft.coal_ore":53,"stat.pickup.srparasites.lurecomponent1":1,"stat.pickup.minecraft.log":5,"stat.pickup.minecraft.string":2,"stat.drop.minecraft.iron_pickaxe":1,"stat.swimOneCm":5364,"stat.jump":595,"stat.pickup.minecraft.coal":54,"stat.fallOneCm":15176,"stat.pickup.minecraft.iron_pickaxe":2,"stat.useItem.minecraft.cooked_mutton":13,"stat.pickup.minecraft.furnace":1,"stat.useItem.minecraft.stone_axe":35,"stat.pickup.minecraft.stone":29,"stat.craftItem.minecraft.iron_chestplate":1,"stat.mineBlock.minecraft.wool":1,"stat.crouchOneCm":254,"stat.craftItem.minecraft.torch":12,"stat.craftItem.minecraft.iron_ingot":21,"stat.pickup.minecraft.sapling":1,"stat.pickup.minecraft.dirt":3,"stat.useItem.minecraft.dirt":1,"stat.craftItem.minecraft.iron_helmet":1,"stat.sprintOneCm":42592,"stat.useItem.minecraft.stone_slab2":12,"stat.pickup.minecraft.bow":1,"stat.drop.minecraft.bed":1,"stat.craftItem.minecraft.stick":12,"stat.craftingTableInteraction":13,"stat.pickup.minecraft.iron_ore":21,"stat.killEntity.Skeleton":1,"stat.craftItem.minecraft.planks":20,"stat.useItem.minecraft.iron_sword":15,"stat.killEntity.Chicken":1,"stat.craftItem.minecraft.stone_axe":1,"stat.craftItem.minecraft.iron_boots":1,"stat.damageTaken":883,"stat.killEntity.Spider":1,"stat.mineBlock.minecraft.crafting_table":1,"stat.mineBlock.minecraft.torch":2,"stat.mineBlock.minecraft.furnace":1,"stat.useItem.minecraft.wooden_pickaxe":30,"stat.pickup.minecraft.cobblestone":77,"stat.mobKills":30,"stat.mineBlock.minecraft.log":5,"stat.pickup.minecraft.planks":3,"stat.craftItem.minecraft.stone_sword":1,"stat.flyOneCm":27397,"stat.pickup.minecraft.bed":4,"stat.mineBlock.minecraft.planks":3,"tombstone:undead_killed":2,"stat.drop":7,"stat.mineBlock.minecraft.leaves":8,"stat.playOneMinute":58199,"stat.pickup.minecraft.torch":3,"stat.useItem.minecraft.stone_pickaxe":126,"stat.killEntity.Sheep":20,"stat.sneakTime":99,"stat.pickup.minecraft.wool":24,"stat.damageDealt":2278,"stat.drop.minecraft.stone_axe":1,"stat.mineBlock.minecraft.iron_ore":21,"stat.sleepInBed":4,"stat.killEntity.Zombie":1,"stat.timeSinceDeath":58199,"stat.mineBlock.minecraft.dirt":3,"stat.useItem.minecraft.iron_pickaxe":88,"stat.craftItem.minecraft.wooden_pickaxe":1,"stat.mineBlock.minecraft.stone":126,"stat.mineBlock.minecraft.tallgrass":5,"stat.craftItem.minecraft.cooked_mutton":40,"stat.pickup.minecraft.mutton":35,"stat.diveOneCm":841,"stat.craftItem.minecraft.iron_sword":1}