{"stat.walkOneCm":82412,"stat.craftItem.minecraft.bed":1,"stat.leaveGame":2,"stat.pickup.minecraft.crafting_table":1,"stat.pickup.minecraft.stone_pickaxe":1,"stat.useItem.minecraft.cobblestone":18,"stat.craftItem.minecraft.crafting_table":2,"stat.furnaceInteraction":25,"stat.pickup.minecraft.stone_axe":1,"stat.mineBlock.minecraft.coal_ore":40,"stat.pickup.srparasites.lurecomponent1":1,"stat.pickup.minecraft.log":5,"stat.pickup.minecraft.string":2,"stat.swimOneCm":3420,"stat.jump":428,"stat.pickup.minecraft.coal":40,"stat.fallOneCm":12045,"stat.useItem.minecraft.cooked_mutton":6,"stat.pickup.minecraft.furnace":1,"stat.useItem.minecraft.stone_axe":24,"stat.mineBlock.minecraft.wool":1,"stat.craftItem.minecraft.torch":12,"stat.pickup.minecraft.sapling":1,"stat.pickup.minecraft.dirt":2,"stat.sprintOneCm":28631,"stat.useItem.minecraft.stone_slab2":7,"stat.drop.minecraft.bed":1,"stat.craftItem.minecraft.stick":12,"stat.craftingTableInteraction":5,"stat.craftItem.minecraft.planks":20,"stat.craftItem.minecraft.stone_axe":1,"stat.damageTaken":406,"stat.killEntity.Spider":1,"stat.mineBlock.minecraft.crafting_table":1,"stat.mineBlock.minecraft.torch":1,"stat.mineBlock.minecraft.furnace":1,"stat.useItem.minecraft.wooden_pickaxe":30,"stat.pickup.minecraft.cobblestone":39,"stat.mobKills":21,"stat.mineBlock.minecraft.log":5,"stat.flyOneCm":20666,"stat.pickup.minecraft.bed":4,"stat.drop":2,"stat.mineBlock.minecraft.leaves":8,"stat.playOneMinute":33899,"stat.pickup.minecraft.torch":1,"stat.useItem.minecraft.stone_pickaxe":86,"stat.killEntity.Sheep":20,"stat.sneakTime":14,"stat.pickup.minecraft.wool":24,"stat.damageDealt":1795,"stat.drop.minecraft.stone_axe":1,"stat.sleepInBed":4,"stat.timeSinceDeath":33899,"stat.mineBlock.minecraft.dirt":2,"stat.craftItem.minecraft.wooden_pickaxe":1,"stat.mineBlock.minecraft.stone":38,"stat.mineBlock.minecraft.tallgrass":3,"stat.craftItem.minecraft.cooked_mutton":39,"stat.pickup.minecraft.mutton":35,"stat.diveOneCm":395}