{"stat.drop.minecraft.cooked_mutton":4,"stat.walkOneCm":115199,"stat.craftItem.minecraft.bed":1,"stat.pickup.minecraft.bone":2,"stat.leaveGame":2,"stat.pickup.minecraft.arrow":2,"stat.pickup.minecraft.crafting_table":1,"stat.pickup.minecraft.stone_pickaxe":1,"stat.useItem.minecraft.cobblestone":18,"stat.craftItem.minecraft.crafting_table":2,"stat.furnaceInteraction":37,"stat.pickup.minecraft.stone_axe":1,"stat.mineBlock.minecraft.coal_ore":40,"stat.pickup.srparasites.lurecomponent1":1,"stat.pickup.minecraft.log":5,"stat.pickup.minecraft.string":2,"stat.drop.minecraft.iron_pickaxe":1,"stat.swimOneCm":3420,"stat.jump":554,"stat.pickup.minecraft.coal":41,"stat.fallOneCm":14696,"stat.pickup.minecraft.iron_pickaxe":2,"stat.useItem.minecraft.cooked_mutton":11,"stat.pickup.minecraft.furnace":1,"stat.useItem.minecraft.stone_axe":35,"stat.pickup.minecraft.stone":2,"stat.mineBlock.minecraft.wool":1,"stat.craftItem.minecraft.torch":12,"stat.craftItem.minecraft.iron_ingot":16,"stat.pickup.minecraft.sapling":1,"stat.pickup.minecraft.dirt":2,"stat.useItem.minecraft.dirt":1,"stat.craftItem.minecraft.iron_helmet":1,"stat.sprintOneCm":42411,"stat.useItem.minecraft.stone_slab2":9,"stat.pickup.minecraft.bow":1,"stat.drop.minecraft.bed":1,"stat.craftItem.minecraft.stick":12,"stat.craftingTableInteraction":12,"stat.pickup.minecraft.iron_ore":21,"stat.killEntity.Skeleton":1,"stat.craftItem.minecraft.planks":20,"stat.useItem.minecraft.iron_sword":7,"stat.killEntity.Chicken":1,"stat.craftItem.minecraft.stone_axe":1,"stat.damageTaken":829,"stat.killEntity.Spider":1,"stat.mineBlock.minecraft.crafting_table":1,"stat.mineBlock.minecraft.torch":1,"stat.mineBlock.minecraft.furnace":1,"stat.useItem.minecraft.wooden_pickaxe":30,"stat.pickup.minecraft.cobblestone":53,"stat.mobKills":25,"stat.mineBlock.minecraft.log":5,"stat.pickup.minecraft.planks":3,"stat.craftItem.minecraft.stone_sword":1,"stat.flyOneCm":26852,"stat.pickup.minecraft.bed":4,"stat.mineBlock.minecraft.planks":3,"tombstone:undead_killed":2,"stat.drop":7,"stat.mineBlock.minecraft.leaves":8,"stat.playOneMinute":46499,"stat.pickup.minecraft.torch":3,"stat.useItem.minecraft.stone_pickaxe":115,"stat.killEntity.Sheep":20,"stat.sneakTime":14,"stat.pickup.minecraft.wool":24,"stat.damageDealt":2145,"stat.drop.minecraft.stone_axe":1,"stat.mineBlock.minecraft.iron_ore":21,"stat.sleepInBed":4,"stat.killEntity.Zombie":1,"stat.timeSinceDeath":46499,"stat.mineBlock.minecraft.dirt":2,"stat.useItem.minecraft.iron_pickaxe":16,"stat.craftItem.minecraft.wooden_pickaxe":1,"stat.mineBlock.minecraft.stone":55,"stat.mineBlock.minecraft.tallgrass":5,"stat.craftItem.minecraft.cooked_mutton":40,"stat.pickup.minecraft.mutton":35,"stat.diveOneCm":395,"stat.craftItem.minecraft.iron_sword":1}