{"stat.walkOneCm":48935,"stat.drop.minecraft.wooden_pickaxe":1,"stat.leaveGame":3,"stat.pickup.minecraft.crafting_table":2,"stat.pickup.minecraft.stone_pickaxe":1,"stat.craftItem.minecraft.crafting_table":1,"stat.furnaceInteraction":3,"stat.mineBlock.minecraft.coal_ore":62,"stat.pickup.minecraft.log":6,"stat.swimOneCm":7020,"stat.jump":205,"stat.pickup.minecraft.coal":49,"stat.fallOneCm":2815,"stat.crouchOneCm":1,"stat.pickup.minecraft.sapling":1,"stat.pickup.minecraft.dirt":18,"stat.useItem.minecraft.dirt":6,"stat.sprintOneCm":38,"stat.useItem.minecraft.stone_slab2":3,"stat.craftItem.minecraft.stick":12,"stat.craftItem.minecraft.wooden_axe":1,"stat.craftingTableInteraction":6,"stat.craftItem.minecraft.planks":24,"stat.craftItem.minecraft.stone_axe":1,"stat.pickup.minecraft.wooden_pickaxe":1,"stat.mineBlock.minecraft.crafting_table":2,"stat.damageTaken":110,"stat.useItem.minecraft.wooden_pickaxe":36,"stat.pickup.minecraft.cobblestone":13,"stat.craftItem.minecraft.wooden_sword":1,"stat.mineBlock.minecraft.log":6,"stat.pickup.minecraft.reeds":1,"stat.craftItem.minecraft.stone_sword":1,"stat.flyOneCm":132,"stat.drop":1,"stat.mineBlock.minecraft.leaves":1,"stat.playOneMinute":14894,"stat.useItem.minecraft.wooden_sword":2,"stat.useItem.minecraft.stone_pickaxe":59,"stat.sneakTime":66,"stat.damageDealt":18,"stat.timeSinceDeath":14894,"stat.useItem.minecraft.wooden_axe":1,"stat.mineBlock.minecraft.dirt":18,"stat.craftItem.minecraft.wooden_pickaxe":1,"stat.mineBlock.minecraft.stone":9,"stat.mineBlock.minecraft.tallgrass":30,"stat.diveOneCm":98}