{"stat.walkOneCm":31543,"stat.craftItem.minecraft.planks":24,"stat.drop.minecraft.wooden_pickaxe":1,"stat.leaveGame":2,"stat.pickup.minecraft.crafting_table":1,"stat.pickup.minecraft.wooden_pickaxe":1,"stat.mineBlock.minecraft.crafting_table":1,"stat.damageTaken":110,"stat.pickup.minecraft.stone_pickaxe":1,"stat.craftItem.minecraft.crafting_table":1,"stat.useItem.minecraft.wooden_pickaxe":13,"stat.pickup.minecraft.cobblestone":13,"stat.mineBlock.minecraft.coal_ore":60,"stat.craftItem.minecraft.wooden_sword":1,"stat.mineBlock.minecraft.log":6,"stat.pickup.minecraft.reeds":1,"stat.pickup.minecraft.log":6,"stat.flyOneCm":106,"stat.drop":1,"stat.jump":162,"stat.swimOneCm":5785,"stat.mineBlock.minecraft.leaves":1,"stat.playOneMinute":10999,"stat.pickup.minecraft.coal":47,"stat.useItem.minecraft.wooden_sword":2,"stat.fallOneCm":2815,"stat.useItem.minecraft.stone_pickaxe":57,"stat.sneakTime":66,"stat.damageDealt":18,"stat.crouchOneCm":1,"stat.timeSinceDeath":10999,"stat.useItem.minecraft.wooden_axe":1,"stat.pickup.minecraft.sapling":1,"stat.pickup.minecraft.dirt":18,"stat.useItem.minecraft.dirt":6,"stat.sprintOneCm":38,"stat.mineBlock.minecraft.dirt":18,"stat.useItem.minecraft.stone_slab2":2,"stat.craftItem.minecraft.wooden_pickaxe":1,"stat.mineBlock.minecraft.stone":9,"stat.mineBlock.minecraft.tallgrass":1,"stat.diveOneCm":98,"stat.craftItem.minecraft.stick":12,"stat.craftItem.minecraft.wooden_axe":1,"stat.craftingTableInteraction":2}