{"stats":{"minecraft:custom":{"minecraft:jump":46,"minecraft:time_since_rest":6603,"minecraft:damage_dealt":23,"minecraft:crouch_one_cm":64,"minecraft:walk_on_water_one_cm":482,"minecraft:sprint_one_cm":8165,"minecraft:play_time":6603,"minecraft:damage_taken":155,"minecraft:time_since_death":6603,"minecraft:walk_one_cm":3540,"minecraft:sneak_time":1021,"minecraft:climb_one_cm":427,"minecraft:total_world_time":6603,"minecraft:walk_under_water_one_cm":689,"minecraft:fall_one_cm":756,"minecraft:fly_one_cm":311595}},"DataVersion":3465}