{"stat.drop.minecraft.mutton":1,"stat.pickup.minecraft.bone":6,"stat.useItem.minecraft.stone":9,"stat.leaveGame":1,"stat.pickup.minecraft.stone_axe":1,"stat.mineBlock.srparasites.gore":6,"stat.useItem.minecraft.rotten_flesh":4,"stat.useItem.minecraft.mutton":4,"stat.jump":1351,"stat.swimOneCm":7874,"stat.pickup.minecraft.coal":61,"stat.fallOneCm":32320,"stat.useItem.minecraft.planks":23,"stat.pickup.minecraft.iron_ingot":2,"stat.useItem.minecraft.stone_axe":65,"stat.crouchOneCm":1632,"stat.craftItem.minecraft.torch":32,"stat.craftItem.minecraft.iron_ingot":2,"stat.pickup.minecraft.dirt":42,"stat.useItem.minecraft.dirt":5,"stat.useItem.minecraft.stone_slab2":17,"stat.craftingTableInteraction":12,"stat.pickup.minecraft.iron_ore":19,"stat.pickup.minecraft.rotten_flesh":4,"stat.craftItem.minecraft.furnace":4,"stat.useItem.minecraft.sapling":1,"stat.craftItem.minecraft.stone_axe":1,"stat.damageTaken":3358,"stat.pickup.minecraft.leather":10,"stat.useItem.minecraft.iron_ore":5,"stat.craftItem.minecraft.stone_pickaxe":1,"stat.mineBlock.minecraft.torch":13,"stat.mineBlock.minecraft.furnace":2,"stat.useItem.minecraft.wooden_pickaxe":15,"stat.useItem.minecraft.furnace":1,"stat.craftItem.minecraft.cooked_beef":9,"stat.pickup.minecraft.cobblestone":162,"stat.pickup.srparasites.assimilated_flesh":19,"stat.pickup.minecraft.planks":115,"stat.pickup.minecraft.reeds":6,"stat.craftItem.minecraft.stone_sword":1,"stat.flyOneCm":116817,"stat.pickup.minecraft.bed":5,"tombstone:undead_killed":5,"stat.pickup.minecraft.wheat_seeds":6,"stat.useItem.minecraft.stone_pickaxe":98,"stat.useItem.minecraft.cooked_beef":9,"stat.useItem.minecraft.stone_sword":70,"stat.damageDealt":3817,"stat.mineBlock.minecraft.iron_ore":20,"stat.sleepInBed":8,"stat.timeSinceDeath":14466,"stat.killEntity.Cow":4,"stat.mineBlock.minecraft.dirt":12,"stat.craftItem.minecraft.wooden_pickaxe":2,"stat.pickup.minecraft.mutton":11,"stat.walkOneCm":255632,"stat.craftItem.minecraft.bed":1,"stat.useItem.minecraft.torch":28,"stat.pickup.minecraft.stick":1,"stat.useItem.minecraft.log":2,"stat.pickup.minecraft.crafting_table":4,"stat.craftItem.minecraft.crafting_table":3,"stat.furnaceInteraction":27,"stat.pickup.srparasites.lurecomponent2":1,"stat.drop.minecraft.wool":1,"stat.mineBlock.minecraft.coal_ore":13,"stat.pickup.srparasites.lurecomponent1":80,"stat.killEntity.Creeper":1,"stat.pickup.minecraft.log":35,"stat.pickup.minecraft.beef":9,"stat.useItem.minecraft.cooked_mutton":7,"stat.pickup.minecraft.furnace":4,"stat.pickup.tombstone.crafting_ingredient":2,"stat.craftItem.minecraft.stone_slab2":0,"stat.pickup.minecraft.stone":37,"stat.pickup.minecraft.sapling":8,"stat.sprintOneCm":75952,"stat.craftItem.minecraft.stick":20,"stat.craftItem.minecraft.wooden_axe":1,"stat.pickup.tombstone.magic_scroll":2,"stat.killEntity.Skeleton":2,"stat.pickup.tombstone.gift":2,"stat.craftItem.minecraft.planks":128,"stat.mineBlock.srparasites.infestremain":2,"stat.mineBlock.minecraft.crafting_table":3,"stat.pickup.minecraft.stone_sword":1,"stat.mobKills":178,"stat.mineBlock.minecraft.log":35,"stat.mineBlock.minecraft.planks":7,"stat.deaths":9,"stat.drop":2,"stat.mineBlock.minecraft.leaves":22,"stat.playOneMinute":124604,"stat.pickup.minecraft.torch":56,"stat.killEntity.Sheep":6,"stat.sneakTime":740,"stat.pickup.minecraft.wool":7,"stat.killEntity.Zombie":3,"stat.useItem.minecraft.wooden_axe":15,"stat.mineBlock.minecraft.stone":72,"stat.craftItem.minecraft.cooked_mutton":2,"stat.mineBlock.minecraft.tallgrass":2,"stat.diveOneCm":549,"stat.pickup.minecraft.cooked_mutton":5}