{"stat.drop.minecraft.mutton":1,"stat.walkOneCm":177825,"stat.craftItem.minecraft.bed":1,"stat.useItem.minecraft.torch":23,"stat.pickup.minecraft.bone":3,"stat.leaveGame":1,"stat.useItem.minecraft.log":2,"stat.pickup.minecraft.crafting_table":3,"stat.craftItem.minecraft.crafting_table":3,"stat.furnaceInteraction":25,"stat.drop.minecraft.wool":1,"stat.mineBlock.minecraft.coal_ore":13,"stat.pickup.srparasites.lurecomponent1":3,"stat.killEntity.Creeper":1,"stat.pickup.minecraft.log":35,"stat.useItem.minecraft.rotten_flesh":4,"stat.useItem.minecraft.mutton":4,"stat.jump":1017,"stat.swimOneCm":6513,"stat.pickup.minecraft.coal":19,"stat.fallOneCm":24607,"stat.useItem.minecraft.planks":23,"stat.pickup.minecraft.beef":9,"stat.useItem.minecraft.cooked_mutton":6,"stat.pickup.minecraft.furnace":2,"stat.pickup.tombstone.crafting_ingredient":1,"stat.useItem.minecraft.stone_axe":61,"stat.craftItem.minecraft.stone_slab2":0,"stat.pickup.minecraft.stone":6,"stat.crouchOneCm":974,"stat.craftItem.minecraft.torch":32,"stat.craftItem.minecraft.iron_ingot":2,"stat.pickup.minecraft.sapling":5,"stat.pickup.minecraft.dirt":36,"stat.useItem.minecraft.dirt":5,"stat.sprintOneCm":59611,"stat.useItem.minecraft.stone_slab2":17,"stat.craftItem.minecraft.stick":20,"stat.craftItem.minecraft.wooden_axe":1,"stat.pickup.tombstone.magic_scroll":1,"stat.craftingTableInteraction":12,"stat.pickup.minecraft.iron_ore":19,"stat.pickup.minecraft.rotten_flesh":4,"stat.killEntity.Skeleton":2,"stat.craftItem.minecraft.furnace":4,"stat.useItem.minecraft.sapling":1,"stat.craftItem.minecraft.planks":128,"stat.craftItem.minecraft.stone_axe":1,"stat.damageTaken":1318,"stat.mineBlock.minecraft.crafting_table":3,"stat.pickup.minecraft.leather":5,"stat.useItem.minecraft.iron_ore":5,"stat.craftItem.minecraft.stone_pickaxe":1,"stat.mineBlock.minecraft.torch":8,"stat.mineBlock.minecraft.furnace":2,"stat.useItem.minecraft.wooden_pickaxe":15,"stat.useItem.minecraft.furnace":1,"stat.craftItem.minecraft.cooked_beef":9,"stat.mobKills":28,"stat.pickup.minecraft.cobblestone":89,"stat.mineBlock.minecraft.log":35,"stat.pickup.minecraft.planks":45,"stat.pickup.minecraft.reeds":3,"stat.craftItem.minecraft.stone_sword":1,"stat.flyOneCm":74635,"stat.pickup.minecraft.bed":4,"stat.mineBlock.minecraft.planks":7,"tombstone:undead_killed":5,"stat.drop":2,"stat.pickup.minecraft.wheat_seeds":3,"stat.mineBlock.minecraft.leaves":22,"stat.playOneMinute":63404,"stat.pickup.minecraft.torch":15,"stat.killEntity.Sheep":6,"stat.useItem.minecraft.stone_pickaxe":98,"stat.useItem.minecraft.cooked_beef":9,"stat.sneakTime":470,"stat.useItem.minecraft.stone_sword":41,"stat.pickup.minecraft.wool":7,"stat.damageDealt":3081,"stat.mineBlock.minecraft.iron_ore":20,"stat.sleepInBed":8,"stat.killEntity.Zombie":3,"stat.timeSinceDeath":63404,"stat.useItem.minecraft.wooden_axe":15,"stat.killEntity.Cow":4,"stat.mineBlock.minecraft.dirt":12,"stat.craftItem.minecraft.wooden_pickaxe":2,"stat.mineBlock.minecraft.stone":72,"stat.craftItem.minecraft.cooked_mutton":2,"stat.mineBlock.minecraft.tallgrass":2,"stat.pickup.minecraft.mutton":11,"stat.diveOneCm":549,"stat.pickup.minecraft.cooked_mutton":4}