{"stat.drop.minecraft.mutton":1,"stat.walkOneCm":122683,"stat.craftItem.minecraft.bed":1,"stat.useItem.minecraft.torch":9,"stat.pickup.minecraft.bone":3,"stat.leaveGame":1,"stat.useItem.minecraft.log":2,"stat.pickup.minecraft.crafting_table":3,"stat.craftItem.minecraft.crafting_table":3,"stat.furnaceInteraction":15,"stat.drop.minecraft.wool":1,"stat.mineBlock.minecraft.coal_ore":3,"stat.pickup.srparasites.lurecomponent1":1,"stat.killEntity.Creeper":1,"stat.pickup.minecraft.log":35,"stat.useItem.minecraft.mutton":4,"stat.jump":823,"stat.swimOneCm":5665,"stat.pickup.minecraft.coal":8,"stat.fallOneCm":20685,"stat.useItem.minecraft.planks":8,"stat.pickup.minecraft.beef":9,"stat.useItem.minecraft.cooked_mutton":2,"stat.pickup.minecraft.furnace":2,"stat.useItem.minecraft.stone_axe":57,"stat.craftItem.minecraft.stone_slab2":0,"stat.crouchOneCm":798,"stat.craftItem.minecraft.torch":32,"stat.pickup.minecraft.sapling":5,"stat.pickup.minecraft.dirt":27,"stat.sprintOneCm":41984,"stat.useItem.minecraft.stone_slab2":14,"stat.craftItem.minecraft.stick":20,"stat.craftItem.minecraft.wooden_axe":1,"stat.pickup.tombstone.magic_scroll":1,"stat.craftingTableInteraction":12,"stat.pickup.minecraft.rotten_flesh":4,"stat.killEntity.Skeleton":2,"stat.craftItem.minecraft.furnace":4,"stat.useItem.minecraft.sapling":1,"stat.craftItem.minecraft.planks":128,"stat.craftItem.minecraft.stone_axe":1,"stat.damageTaken":465,"stat.mineBlock.minecraft.crafting_table":3,"stat.pickup.minecraft.leather":5,"stat.craftItem.minecraft.stone_pickaxe":1,"stat.mineBlock.minecraft.torch":4,"stat.mineBlock.minecraft.furnace":2,"stat.useItem.minecraft.wooden_pickaxe":15,"stat.useItem.minecraft.furnace":1,"stat.craftItem.minecraft.cooked_beef":9,"stat.mobKills":19,"stat.pickup.minecraft.cobblestone":51,"stat.mineBlock.minecraft.log":35,"stat.pickup.minecraft.planks":39,"stat.pickup.minecraft.reeds":3,"stat.craftItem.minecraft.stone_sword":1,"stat.flyOneCm":53769,"stat.pickup.minecraft.bed":3,"stat.mineBlock.minecraft.planks":3,"tombstone:undead_killed":5,"stat.drop":2,"stat.pickup.minecraft.wheat_seeds":3,"stat.mineBlock.minecraft.leaves":22,"stat.playOneMinute":39104,"stat.pickup.minecraft.torch":4,"stat.killEntity.Sheep":6,"stat.useItem.minecraft.stone_pickaxe":48,"stat.useItem.minecraft.cooked_beef":4,"stat.sneakTime":428,"stat.useItem.minecraft.stone_sword":8,"stat.pickup.minecraft.wool":7,"stat.damageDealt":2225,"stat.sleepInBed":8,"stat.killEntity.Zombie":3,"stat.timeSinceDeath":39104,"stat.useItem.minecraft.wooden_axe":15,"stat.killEntity.Cow":4,"stat.mineBlock.minecraft.dirt":8,"stat.craftItem.minecraft.wooden_pickaxe":2,"stat.mineBlock.minecraft.stone":52,"stat.craftItem.minecraft.cooked_mutton":2,"stat.mineBlock.minecraft.tallgrass":2,"stat.pickup.minecraft.mutton":11,"stat.diveOneCm":549}