{"stat.drop.minecraft.mutton":1,"stat.walkOneCm":35755,"stat.leaveGame":1,"stat.useItem.minecraft.log":2,"stat.pickup.minecraft.crafting_table":1,"stat.craftItem.minecraft.crafting_table":1,"stat.drop.minecraft.wool":1,"stat.mineBlock.minecraft.coal_ore":3,"stat.pickup.srparasites.lurecomponent1":1,"stat.pickup.minecraft.log":19,"stat.useItem.minecraft.mutton":2,"stat.jump":287,"stat.swimOneCm":1635,"stat.pickup.minecraft.coal":8,"stat.fallOneCm":6614,"stat.crouchOneCm":333,"stat.craftItem.minecraft.torch":32,"stat.pickup.minecraft.dirt":1,"stat.sprintOneCm":19828,"stat.useItem.minecraft.stone_slab2":3,"stat.craftItem.minecraft.stick":20,"stat.craftItem.minecraft.wooden_axe":1,"stat.craftingTableInteraction":5,"stat.craftItem.minecraft.planks":64,"stat.craftItem.minecraft.stone_axe":1,"stat.damageTaken":50,"stat.mineBlock.minecraft.crafting_table":1,"stat.craftItem.minecraft.stone_pickaxe":1,"stat.useItem.minecraft.wooden_pickaxe":15,"stat.mobKills":5,"stat.pickup.minecraft.cobblestone":36,"stat.mineBlock.minecraft.log":19,"stat.pickup.minecraft.reeds":3,"stat.craftItem.minecraft.stone_sword":1,"stat.flyOneCm":26678,"stat.drop":2,"stat.mineBlock.minecraft.leaves":7,"stat.playOneMinute":14804,"stat.killEntity.Sheep":4,"stat.useItem.minecraft.stone_pickaxe":25,"stat.sneakTime":122,"stat.pickup.minecraft.wool":5,"stat.damageDealt":420,"stat.timeSinceDeath":14804,"stat.useItem.minecraft.wooden_axe":15,"stat.craftItem.minecraft.wooden_pickaxe":2,"stat.mineBlock.minecraft.stone":37,"stat.pickup.minecraft.mutton":6}