{"stat.drop.minecraft.mutton":1,"stat.walkOneCm":88532,"stat.craftItem.minecraft.bed":1,"stat.useItem.minecraft.torch":9,"stat.pickup.minecraft.bone":2,"stat.leaveGame":1,"stat.useItem.minecraft.log":2,"stat.pickup.minecraft.crafting_table":3,"stat.craftItem.minecraft.crafting_table":3,"stat.furnaceInteraction":9,"stat.drop.minecraft.wool":1,"stat.mineBlock.minecraft.coal_ore":3,"stat.pickup.srparasites.lurecomponent1":1,"stat.killEntity.Creeper":1,"stat.pickup.minecraft.log":35,"stat.useItem.minecraft.mutton":4,"stat.jump":472,"stat.swimOneCm":1635,"stat.pickup.minecraft.coal":8,"stat.fallOneCm":10469,"stat.useItem.minecraft.cooked_mutton":2,"stat.pickup.minecraft.furnace":1,"stat.useItem.minecraft.stone_axe":38,"stat.craftItem.minecraft.stone_slab2":0,"stat.crouchOneCm":708,"stat.craftItem.minecraft.torch":32,"stat.pickup.minecraft.sapling":5,"stat.pickup.minecraft.dirt":25,"stat.sprintOneCm":24385,"stat.useItem.minecraft.stone_slab2":11,"stat.craftItem.minecraft.stick":20,"stat.craftItem.minecraft.wooden_axe":1,"stat.craftingTableInteraction":12,"stat.killEntity.Skeleton":1,"stat.craftItem.minecraft.furnace":4,"stat.useItem.minecraft.sapling":1,"stat.craftItem.minecraft.planks":128,"stat.craftItem.minecraft.stone_axe":1,"stat.damageTaken":180,"stat.mineBlock.minecraft.crafting_table":3,"stat.craftItem.minecraft.stone_pickaxe":1,"stat.mineBlock.minecraft.torch":4,"stat.mineBlock.minecraft.furnace":1,"stat.useItem.minecraft.wooden_pickaxe":15,"stat.useItem.minecraft.furnace":1,"stat.mobKills":10,"stat.pickup.minecraft.cobblestone":51,"stat.mineBlock.minecraft.log":35,"stat.pickup.minecraft.planks":36,"stat.pickup.minecraft.reeds":3,"stat.craftItem.minecraft.stone_sword":1,"stat.flyOneCm":33584,"stat.pickup.minecraft.bed":1,"tombstone:undead_killed":1,"stat.drop":2,"stat.pickup.minecraft.wheat_seeds":3,"stat.mineBlock.minecraft.leaves":17,"stat.playOneMinute":27404,"stat.pickup.minecraft.torch":4,"stat.killEntity.Sheep":6,"stat.useItem.minecraft.stone_pickaxe":47,"stat.sneakTime":362,"stat.useItem.minecraft.stone_sword":2,"stat.pickup.minecraft.wool":7,"stat.damageDealt":1115,"stat.sleepInBed":4,"stat.timeSinceDeath":27404,"stat.useItem.minecraft.wooden_axe":15,"stat.mineBlock.minecraft.dirt":6,"stat.craftItem.minecraft.wooden_pickaxe":2,"stat.mineBlock.minecraft.stone":52,"stat.craftItem.minecraft.cooked_mutton":2,"stat.mineBlock.minecraft.tallgrass":1,"stat.pickup.minecraft.mutton":11}