{
  "minecraft:recipes/decorations/crafting_table": {
    "criteria": {
      "unlock_right_away": "2024-08-02 04:51:46 +0000"
    },
    "done": true
  },
  "minecraft:recipes/building_blocks/packed_ice": {
    "criteria": {
      "has_ice": "2024-08-02 04:53:38 +0000"
    },
    "done": true
  },
  "regions_unexplored:regions_explored": {
    "criteria": {
      "frozen_tundra": "2024-08-02 04:54:11 +0000",
      "cold_boreal_taiga": "2024-08-02 04:51:46 +0000"
    },
    "done": false
  },
  "regions_unexplored:pioneer": {
    "criteria": {
      "frozen_tundra": "2024-08-02 04:54:11 +0000",
      "cold_boreal_taiga": "2024-08-02 04:51:46 +0000"
    },
    "done": false
  },
  "minecraft:adventure/adventuring_time": {
    "criteria": {
      "minecraft:frozen_river": "2024-08-02 04:53:41 +0000",
      "minecraft:snowy_plains": "2024-08-02 04:54:50 +0000",
      "minecraft:snowy_taiga": "2024-08-02 04:53:32 +0000"
    },
    "done": false
  },
  "regions_unexplored:parent": {
    "criteria": {
      "load_in_world": "2024-08-02 04:51:46 +0000"
    },
    "done": true
  },
  "DataVersion": 3465
}